/*
SQLyog Ultimate v8.71 
MySQL - 5.7.21 : Database - pb
*********************************************************************
*/

/*!40101 SET NAMES utf8 */;

/*!40101 SET SQL_MODE=''*/;

/*!40014 SET @OLD_UNIQUE_CHECKS=@@UNIQUE_CHECKS, UNIQUE_CHECKS=0 */;
/*!40014 SET @OLD_FOREIGN_KEY_CHECKS=@@FOREIGN_KEY_CHECKS, FOREIGN_KEY_CHECKS=0 */;
/*!40101 SET @OLD_SQL_MODE=@@SQL_MODE, SQL_MODE='NO_AUTO_VALUE_ON_ZERO' */;
/*!40111 SET @OLD_SQL_NOTES=@@SQL_NOTES, SQL_NOTES=0 */;
CREATE DATABASE /*!32312 IF NOT EXISTS*/`pb` /*!40100 DEFAULT CHARACTER SET utf8 */;

USE `pb`;

/*Table structure for table `pb_admin` */

DROP TABLE IF EXISTS `pb_admin`;

CREATE TABLE `pb_admin` (
  `id` int(11) NOT NULL AUTO_INCREMENT,
  `adminname` varchar(50) NOT NULL,
  `password` varchar(50) NOT NULL,
  PRIMARY KEY (`id`)
) ENGINE=InnoDB AUTO_INCREMENT=15 DEFAULT CHARSET=utf8;

/*Data for the table `pb_admin` */

LOCK TABLES `pb_admin` WRITE;

insert  into `pb_admin`(`id`,`adminname`,`password`) values (1,'admin','21232F297A57A5A743894A0E4A801FC3'),(14,'root','D41D8CD98F00B204E9800998ECF8427E');

UNLOCK TABLES;

/*Table structure for table `pb_article` */

DROP TABLE IF EXISTS `pb_article`;

CREATE TABLE `pb_article` (
  `id` int(11) NOT NULL AUTO_INCREMENT,
  `title` varchar(200) NOT NULL,
  `author` varchar(50) NOT NULL,
  `recommend` tinyint(1) DEFAULT NULL,
  `show_paper` tinyint(1) DEFAULT NULL,
  `click` int(11) DEFAULT '1',
  `picture` varchar(200) DEFAULT NULL,
  `information` text NOT NULL,
  `createtime` datetime NOT NULL DEFAULT CURRENT_TIMESTAMP,
  `updatetime` datetime NOT NULL DEFAULT CURRENT_TIMESTAMP ON UPDATE CURRENT_TIMESTAMP,
  `category` int(11) NOT NULL,
  PRIMARY KEY (`id`)
) ENGINE=InnoDB AUTO_INCREMENT=83 DEFAULT CHARSET=utf8;

/*Data for the table `pb_article` */

LOCK TABLES `pb_article` WRITE;

insert  into `pb_article`(`id`,`title`,`author`,`recommend`,`show_paper`,`click`,`picture`,`information`,`createtime`,`updatetime`,`category`) values (24,'两学一做活动专题文章测试1','test',1,1,3,NULL,'<p>\r\n	<span style=\"background-color:#ffffff;font-style:normal;font-family:宋体;color:#333333;font-size:16px;font-weight:normal;\"></span>&nbsp;\r\n</p>\r\n<p>\r\n	<span style=\"background-color:#ffffff;font-style:normal;font-family:宋体;color:#333333;font-size:16px;font-weight:normal;\"></span>&nbsp;\r\n</p>\r\n<p>\r\n	<img alt=\"\" src=\"/attached/image/20180417/20180417162450_432.jpg\" /><span style=\"background-color:#ffffff;font-style:normal;font-family:宋体;color:#333333;font-size:16px;font-weight:normal;\"></span> \r\n</p>\r\n<p>\r\n	<span style=\"background-color:#ffffff;font-style:normal;font-family:宋体;color:#333333;font-size:16px;font-weight:normal;\"></span>&nbsp;\r\n</p>\r\n<p>\r\n	<span style=\"background-color:#ffffff;font-style:normal;font-family:宋体;color:#333333;font-size:16px;font-weight:normal;\"></span>&nbsp;\r\n</p>\r\n<p>\r\n	<span style=\"background-color:#ffffff;font-style:normal;font-family:宋体;color:#333333;font-size:16px;font-weight:normal;\"></span>&nbsp;\r\n</p>\r\n<p>\r\n	<span style=\"background-color:#ffffff;font-style:normal;font-family:宋体;color:#333333;font-size:16px;font-weight:normal;\"><span style=\"background-color:#ffffff;font-style:normal;font-family:宋体;color:#333333;font-size:16px;font-weight:normal;\"><span style=\"background-color:#ffffff;font-style:normal;font-family:宋体;color:#333333;font-size:16px;font-weight:normal;\"><span style=\"background-color:#ffffff;font-style:normal;font-family:宋体;color:#333333;font-size:16px;font-weight:normal;\"><span style=\"background-color:#ffffff;font-style:normal;font-family:宋体;color:#333333;font-size:16px;font-weight:normal;\">党的群众路线教育实践活动专题网站正式发布<span style=\"background-color:#ffffff;font-style:normal;font-family:宋体;color:#333333;font-size:16px;font-weight:normal;\">党的群众路线教育实践活动专题网站正式发布</span></span></span></span></span></span> \r\n</p>\r\n<p>\r\n	<span style=\"background-color:#ffffff;font-style:normal;font-family:宋体;color:#333333;font-size:16px;font-weight:normal;\"><span style=\"background-color:#ffffff;font-style:normal;font-family:宋体;color:#333333;font-size:16px;font-weight:normal;\"><span style=\"background-color:#ffffff;font-style:normal;font-family:宋体;color:#333333;font-size:16px;font-weight:normal;\"><span style=\"background-color:#ffffff;font-style:normal;font-family:宋体;color:#333333;font-size:16px;font-weight:normal;\"><span style=\"background-color:#ffffff;font-style:normal;font-family:宋体;color:#333333;font-size:16px;font-weight:normal;\"><span style=\"background-color:#ffffff;font-style:normal;font-family:宋体;color:#333333;font-size:16px;font-weight:normal;\"><span style=\"background-color:#ffffff;font-style:normal;font-family:宋体;color:#333333;font-size:16px;font-weight:normal;\">党的群众路线教育实践活动专题网站正式发布<span style=\"background-color:#ffffff;font-style:normal;font-family:宋体;color:#333333;font-size:16px;font-weight:normal;\">党的群众路线教育实践活动专题网站正式发布</span></span></span></span></span></span></span></span> \r\n</p>\r\n<p>\r\n	<span style=\"background-color:#ffffff;font-style:normal;font-family:宋体;color:#333333;font-size:16px;font-weight:normal;\"><span style=\"background-color:#ffffff;font-style:normal;font-family:宋体;color:#333333;font-size:16px;font-weight:normal;\"><span style=\"background-color:#ffffff;font-style:normal;font-family:宋体;color:#333333;font-size:16px;font-weight:normal;\"><span style=\"background-color:#ffffff;font-style:normal;font-family:宋体;color:#333333;font-size:16px;font-weight:normal;\"><span style=\"background-color:#ffffff;font-style:normal;font-family:宋体;color:#333333;font-size:16px;font-weight:normal;\"><span style=\"background-color:#ffffff;font-style:normal;font-family:宋体;color:#333333;font-size:16px;font-weight:normal;\"><span style=\"background-color:#ffffff;font-style:normal;font-family:宋体;color:#333333;font-size:16px;font-weight:normal;\"><span style=\"background-color:#ffffff;font-style:normal;font-family:宋体;color:#333333;font-size:16px;font-weight:normal;\"><span style=\"background-color:#ffffff;font-style:normal;font-family:宋体;color:#333333;font-size:16px;font-weight:normal;\">党的群众路线教育实践活动专题网站正式发布<span style=\"background-color:#ffffff;font-style:normal;font-family:宋体;color:#333333;font-size:16px;font-weight:normal;\">党的群众路线教育实践活动专题网站正式发布</span></span></span></span></span></span></span></span></span></span> \r\n</p>\r\n<p>\r\n	<span style=\"background-color:#ffffff;font-style:normal;font-family:宋体;color:#333333;font-size:16px;font-weight:normal;\"><span style=\"background-color:#ffffff;font-style:normal;font-family:宋体;color:#333333;font-size:16px;font-weight:normal;\"><span style=\"background-color:#ffffff;font-style:normal;font-family:宋体;color:#333333;font-size:16px;font-weight:normal;\"><span style=\"background-color:#ffffff;font-style:normal;font-family:宋体;color:#333333;font-size:16px;font-weight:normal;\"><span style=\"background-color:#ffffff;font-style:normal;font-family:宋体;color:#333333;font-size:16px;font-weight:normal;\"><span style=\"background-color:#ffffff;font-style:normal;font-family:宋体;color:#333333;font-size:16px;font-weight:normal;\"><span style=\"background-color:#ffffff;font-style:normal;font-family:宋体;color:#333333;font-size:16px;font-weight:normal;\"><span style=\"background-color:#ffffff;font-style:normal;font-family:宋体;color:#333333;font-size:16px;font-weight:normal;\"><span style=\"background-color:#ffffff;font-style:normal;font-family:宋体;color:#333333;font-size:16px;font-weight:normal;\"><span style=\"background-color:#ffffff;font-style:normal;font-family:宋体;color:#333333;font-size:16px;font-weight:normal;\"><span style=\"background-color:#ffffff;font-style:normal;font-family:宋体;color:#333333;font-size:16px;font-weight:normal;\">党的群众路线教育实践活动专题网站正式发布<span style=\"background-color:#ffffff;font-style:normal;font-family:宋体;color:#333333;font-size:16px;font-weight:normal;\">党的群众路线教育实践活动专题网站正式发布</span></span></span></span></span></span></span></span></span></span></span></span> \r\n</p>\r\n<p>\r\n	<span style=\"background-color:#ffffff;font-style:normal;font-family:宋体;color:#333333;font-size:16px;font-weight:normal;\"><span style=\"background-color:#ffffff;font-style:normal;font-family:宋体;color:#333333;font-size:16px;font-weight:normal;\"><span style=\"background-color:#ffffff;font-style:normal;font-family:宋体;color:#333333;font-size:16px;font-weight:normal;\"><span style=\"background-color:#ffffff;font-style:normal;font-family:宋体;color:#333333;font-size:16px;font-weight:normal;\"><span style=\"background-color:#ffffff;font-style:normal;font-family:宋体;color:#333333;font-size:16px;font-weight:normal;\"><span style=\"background-color:#ffffff;font-style:normal;font-family:宋体;color:#333333;font-size:16px;font-weight:normal;\"><span style=\"background-color:#ffffff;font-style:normal;font-family:宋体;color:#333333;font-size:16px;font-weight:normal;\"><span style=\"background-color:#ffffff;font-style:normal;font-family:宋体;color:#333333;font-size:16px;font-weight:normal;\"><span style=\"background-color:#ffffff;font-style:normal;font-family:宋体;color:#333333;font-size:16px;font-weight:normal;\"><span style=\"background-color:#ffffff;font-style:normal;font-family:宋体;color:#333333;font-size:16px;font-weight:normal;\"><span style=\"background-color:#ffffff;font-style:normal;font-family:宋体;color:#333333;font-size:16px;font-weight:normal;\"><span style=\"background-color:#ffffff;font-style:normal;font-family:宋体;color:#333333;font-size:16px;font-weight:normal;\"><span style=\"background-color:#ffffff;font-style:normal;font-family:宋体;color:#333333;font-size:16px;font-weight:normal;\">党的群众路线教育实践活动专题网站正式发布<span style=\"background-color:#ffffff;font-style:normal;font-family:宋体;color:#333333;font-size:16px;font-weight:normal;\">党的群众路线教育实践活动专题网站正式发布</span></span></span></span></span></span></span></span></span></span></span></span></span></span> \r\n</p>\r\n<p>\r\n	<span style=\"background-color:#ffffff;font-style:normal;font-family:宋体;color:#333333;font-size:16px;font-weight:normal;\"><span style=\"background-color:#ffffff;font-style:normal;font-family:宋体;color:#333333;font-size:16px;font-weight:normal;\"><span style=\"background-color:#ffffff;font-style:normal;font-family:宋体;color:#333333;font-size:16px;font-weight:normal;\"><span style=\"background-color:#ffffff;font-style:normal;font-family:宋体;color:#333333;font-size:16px;font-weight:normal;\"><span style=\"background-color:#ffffff;font-style:normal;font-family:宋体;color:#333333;font-size:16px;font-weight:normal;\"><span style=\"background-color:#ffffff;font-style:normal;font-family:宋体;color:#333333;font-size:16px;font-weight:normal;\"><span style=\"background-color:#ffffff;font-style:normal;font-family:宋体;color:#333333;font-size:16px;font-weight:normal;\"><span style=\"background-color:#ffffff;font-style:normal;font-family:宋体;color:#333333;font-size:16px;font-weight:normal;\"><span style=\"background-color:#ffffff;font-style:normal;font-family:宋体;color:#333333;font-size:16px;font-weight:normal;\"><span style=\"background-color:#ffffff;font-style:normal;font-family:宋体;color:#333333;font-size:16px;font-weight:normal;\"><span style=\"background-color:#ffffff;font-style:normal;font-family:宋体;color:#333333;font-size:16px;font-weight:normal;\"><span style=\"background-color:#ffffff;font-style:normal;font-family:宋体;color:#333333;font-size:16px;font-weight:normal;\"><span style=\"background-color:#ffffff;font-style:normal;font-family:宋体;color:#333333;font-size:16px;font-weight:normal;\"><span style=\"background-color:#ffffff;font-style:normal;font-family:宋体;color:#333333;font-size:16px;font-weight:normal;\"><span style=\"background-color:#ffffff;font-style:normal;font-family:宋体;color:#333333;font-size:16px;font-weight:normal;\">党的群众路线教育实践活动专题网站正式发布<span style=\"background-color:#ffffff;font-style:normal;font-family:宋体;color:#333333;font-size:16px;font-weight:normal;\">党的群众路线教育实践活动专题网站正式发布</span></span></span></span></span></span></span></span></span></span></span></span></span></span></span></span> \r\n</p>\r\n<p>\r\n	<span style=\"background-color:#ffffff;font-style:normal;font-family:宋体;color:#333333;font-size:16px;font-weight:normal;\"><span style=\"background-color:#ffffff;font-style:normal;font-family:宋体;color:#333333;font-size:16px;font-weight:normal;\"><span style=\"background-color:#ffffff;font-style:normal;font-family:宋体;color:#333333;font-size:16px;font-weight:normal;\"><span style=\"background-color:#ffffff;font-style:normal;font-family:宋体;color:#333333;font-size:16px;font-weight:normal;\"><span style=\"background-color:#ffffff;font-style:normal;font-family:宋体;color:#333333;font-size:16px;font-weight:normal;\"><span style=\"background-color:#ffffff;font-style:normal;font-family:宋体;color:#333333;font-size:16px;font-weight:normal;\"><span style=\"background-color:#ffffff;font-style:normal;font-family:宋体;color:#333333;font-size:16px;font-weight:normal;\"><span style=\"background-color:#ffffff;font-style:normal;font-family:宋体;color:#333333;font-size:16px;font-weight:normal;\"><span style=\"background-color:#ffffff;font-style:normal;font-family:宋体;color:#333333;font-size:16px;font-weight:normal;\"><span style=\"background-color:#ffffff;font-style:normal;font-family:宋体;color:#333333;font-size:16px;font-weight:normal;\"><span style=\"background-color:#ffffff;font-style:normal;font-family:宋体;color:#333333;font-size:16px;font-weight:normal;\"><span style=\"background-color:#ffffff;font-style:normal;font-family:宋体;color:#333333;font-size:16px;font-weight:normal;\"><span style=\"background-color:#ffffff;font-style:normal;font-family:宋体;color:#333333;font-size:16px;font-weight:normal;\"><span style=\"background-color:#ffffff;font-style:normal;font-family:宋体;color:#333333;font-size:16px;font-weight:normal;\"><span style=\"background-color:#ffffff;font-style:normal;font-family:宋体;color:#333333;font-size:16px;font-weight:normal;\"><span style=\"background-color:#ffffff;font-style:normal;font-family:宋体;color:#333333;font-size:16px;font-weight:normal;\"><span style=\"background-color:#ffffff;font-style:normal;font-family:宋体;color:#333333;font-size:16px;font-weight:normal;\">党的群众路线教育实践活动专题网站正式发布<span style=\"background-color:#ffffff;font-style:normal;font-family:宋体;color:#333333;font-size:16px;font-weight:normal;\">党的群众路线教育实践活动专题网站正式发布</span></span></span></span></span></span></span></span></span></span></span></span></span></span></span></span></span></span> \r\n</p>\r\n<p>\r\n	<span style=\"background-color:#ffffff;font-style:normal;font-family:宋体;color:#333333;font-size:16px;font-weight:normal;\"><span style=\"background-color:#ffffff;font-style:normal;font-family:宋体;color:#333333;font-size:16px;font-weight:normal;\"><span style=\"background-color:#ffffff;font-style:normal;font-family:宋体;color:#333333;font-size:16px;font-weight:normal;\"><span style=\"background-color:#ffffff;font-style:normal;font-family:宋体;color:#333333;font-size:16px;font-weight:normal;\"><span style=\"background-color:#ffffff;font-style:normal;font-family:宋体;color:#333333;font-size:16px;font-weight:normal;\"><span style=\"background-color:#ffffff;font-style:normal;font-family:宋体;color:#333333;font-size:16px;font-weight:normal;\"><span style=\"background-color:#ffffff;font-style:normal;font-family:宋体;color:#333333;font-size:16px;font-weight:normal;\"><span style=\"background-color:#ffffff;font-style:normal;font-family:宋体;color:#333333;font-size:16px;font-weight:normal;\"><span style=\"background-color:#ffffff;font-style:normal;font-family:宋体;color:#333333;font-size:16px;font-weight:normal;\"><span style=\"background-color:#ffffff;font-style:normal;font-family:宋体;color:#333333;font-size:16px;font-weight:normal;\"><span style=\"background-color:#ffffff;font-style:normal;font-family:宋体;color:#333333;font-size:16px;font-weight:normal;\"><span style=\"background-color:#ffffff;font-style:normal;font-family:宋体;color:#333333;font-size:16px;font-weight:normal;\"><span style=\"background-color:#ffffff;font-style:normal;font-family:宋体;color:#333333;font-size:16px;font-weight:normal;\"><span style=\"background-color:#ffffff;font-style:normal;font-family:宋体;color:#333333;font-size:16px;font-weight:normal;\"><span style=\"background-color:#ffffff;font-style:normal;font-family:宋体;color:#333333;font-size:16px;font-weight:normal;\"><span style=\"background-color:#ffffff;font-style:normal;font-family:宋体;color:#333333;font-size:16px;font-weight:normal;\"><span style=\"background-color:#ffffff;font-style:normal;font-family:宋体;color:#333333;font-size:16px;font-weight:normal;\"><span style=\"background-color:#ffffff;font-style:normal;font-family:宋体;color:#333333;font-size:16px;font-weight:normal;\"><span style=\"background-color:#ffffff;font-style:normal;font-family:宋体;color:#333333;font-size:16px;font-weight:normal;\">党的群众路线教育实践活动专题网站正式发布<span style=\"background-color:#ffffff;font-style:normal;font-family:宋体;color:#333333;font-size:16px;font-weight:normal;\">党的群众路线教育实践活动专题网站正式发布</span></span></span></span></span></span></span></span></span></span></span></span></span></span></span></span></span></span></span></span> \r\n</p>\r\n<p>\r\n	<span style=\"background-color:#ffffff;font-style:normal;font-family:宋体;color:#333333;font-size:16px;font-weight:normal;\"><span style=\"background-color:#ffffff;font-style:normal;font-family:宋体;color:#333333;font-size:16px;font-weight:normal;\"><span style=\"background-color:#ffffff;font-style:normal;font-family:宋体;color:#333333;font-size:16px;font-weight:normal;\"><span style=\"background-color:#ffffff;font-style:normal;font-family:宋体;color:#333333;font-size:16px;font-weight:normal;\"><span style=\"background-color:#ffffff;font-style:normal;font-family:宋体;color:#333333;font-size:16px;font-weight:normal;\"><span style=\"background-color:#ffffff;font-style:normal;font-family:宋体;color:#333333;font-size:16px;font-weight:normal;\"><span style=\"background-color:#ffffff;font-style:normal;font-family:宋体;color:#333333;font-size:16px;font-weight:normal;\"><span style=\"background-color:#ffffff;font-style:normal;font-family:宋体;color:#333333;font-size:16px;font-weight:normal;\"><span style=\"background-color:#ffffff;font-style:normal;font-family:宋体;color:#333333;font-size:16px;font-weight:normal;\"><span style=\"background-color:#ffffff;font-style:normal;font-family:宋体;color:#333333;font-size:16px;font-weight:normal;\"><span style=\"background-color:#ffffff;font-style:normal;font-family:宋体;color:#333333;font-size:16px;font-weight:normal;\"><span style=\"background-color:#ffffff;font-style:normal;font-family:宋体;color:#333333;font-size:16px;font-weight:normal;\"><span style=\"background-color:#ffffff;font-style:normal;font-family:宋体;color:#333333;font-size:16px;font-weight:normal;\"><span style=\"background-color:#ffffff;font-style:normal;font-family:宋体;color:#333333;font-size:16px;font-weight:normal;\"><span style=\"background-color:#ffffff;font-style:normal;font-family:宋体;color:#333333;font-size:16px;font-weight:normal;\"><span style=\"background-color:#ffffff;font-style:normal;font-family:宋体;color:#333333;font-size:16px;font-weight:normal;\"><span style=\"background-color:#ffffff;font-style:normal;font-family:宋体;color:#333333;font-size:16px;font-weight:normal;\"><span style=\"background-color:#ffffff;font-style:normal;font-family:宋体;color:#333333;font-size:16px;font-weight:normal;\"><span style=\"background-color:#ffffff;font-style:normal;font-family:宋体;color:#333333;font-size:16px;font-weight:normal;\"><span style=\"background-color:#ffffff;font-style:normal;font-family:宋体;color:#333333;font-size:16px;font-weight:normal;\"><span style=\"background-color:#ffffff;font-style:normal;font-family:宋体;color:#333333;font-size:16px;font-weight:normal;\">党的群众路线教育实践活动专题网站正式发布<span style=\"background-color:#ffffff;font-style:normal;font-family:宋体;color:#333333;font-size:16px;font-weight:normal;\">党的群众路线教育实践活动专题网站正式发布</span></span></span></span></span></span></span></span></span></span></span></span></span></span></span></span></span></span></span></span></span></span> \r\n</p>\r\n<p>\r\n	<span style=\"background-color:#ffffff;font-style:normal;font-family:宋体;color:#333333;font-size:16px;font-weight:normal;\"><span style=\"background-color:#ffffff;font-style:normal;font-family:宋体;color:#333333;font-size:16px;font-weight:normal;\"><span style=\"background-color:#ffffff;font-style:normal;font-family:宋体;color:#333333;font-size:16px;font-weight:normal;\"><span style=\"background-color:#ffffff;font-style:normal;font-family:宋体;color:#333333;font-size:16px;font-weight:normal;\"><span style=\"background-color:#ffffff;font-style:normal;font-family:宋体;color:#333333;font-size:16px;font-weight:normal;\"><span style=\"background-color:#ffffff;font-style:normal;font-family:宋体;color:#333333;font-size:16px;font-weight:normal;\"><span style=\"background-color:#ffffff;font-style:normal;font-family:宋体;color:#333333;font-size:16px;font-weight:normal;\"><span style=\"background-color:#ffffff;font-style:normal;font-family:宋体;color:#333333;font-size:16px;font-weight:normal;\"><span style=\"background-color:#ffffff;font-style:normal;font-family:宋体;color:#333333;font-size:16px;font-weight:normal;\"><span style=\"background-color:#ffffff;font-style:normal;font-family:宋体;color:#333333;font-size:16px;font-weight:normal;\"><span style=\"background-color:#ffffff;font-style:normal;font-family:宋体;color:#333333;font-size:16px;font-weight:normal;\"><span style=\"background-color:#ffffff;font-style:normal;font-family:宋体;color:#333333;font-size:16px;font-weight:normal;\"><span style=\"background-color:#ffffff;font-style:normal;font-family:宋体;color:#333333;font-size:16px;font-weight:normal;\"><span style=\"background-color:#ffffff;font-style:normal;font-family:宋体;color:#333333;font-size:16px;font-weight:normal;\"><span style=\"background-color:#ffffff;font-style:normal;font-family:宋体;color:#333333;font-size:16px;font-weight:normal;\"><span style=\"background-color:#ffffff;font-style:normal;font-family:宋体;color:#333333;font-size:16px;font-weight:normal;\"><span style=\"background-color:#ffffff;font-style:normal;font-family:宋体;color:#333333;font-size:16px;font-weight:normal;\"><span style=\"background-color:#ffffff;font-style:normal;font-family:宋体;color:#333333;font-size:16px;font-weight:normal;\"><span style=\"background-color:#ffffff;font-style:normal;font-family:宋体;color:#333333;font-size:16px;font-weight:normal;\"><span style=\"background-color:#ffffff;font-style:normal;font-family:宋体;color:#333333;font-size:16px;font-weight:normal;\"><span style=\"background-color:#ffffff;font-style:normal;font-family:宋体;color:#333333;font-size:16px;font-weight:normal;\"><span style=\"background-color:#ffffff;font-style:normal;font-family:宋体;color:#333333;font-size:16px;font-weight:normal;\"><span style=\"background-color:#ffffff;font-style:normal;font-family:宋体;color:#333333;font-size:16px;font-weight:normal;\">党的群众路线教育实践活动专题网站正式发布<span style=\"background-color:#ffffff;font-style:normal;font-family:宋体;color:#333333;font-size:16px;font-weight:normal;\">党的群众路线教育实践活动专题网站正式发布</span></span></span></span></span></span></span></span></span></span></span></span></span></span></span></span></span></span></span></span></span></span></span></span><span style=\"background-color:#ffffff;font-style:normal;font-family:宋体;color:#333333;font-size:16px;font-weight:normal;\"><span style=\"background-color:#ffffff;font-style:normal;font-family:宋体;color:#333333;font-size:16px;font-weight:normal;\"></span></span> \r\n</p>','2018-04-12 14:21:29','2018-04-17 16:31:22',3),(25,'两学一做活动专题文章测试2','test',0,1,1,NULL,'<p>\r\n	<span style=\"background-color:#ffffff;font-style:normal;font-family:宋体;color:#333333;font-size:16px;font-weight:normal;\">党的群众路线教育实践活动专题网站正式发布<span style=\"background-color:#ffffff;font-style:normal;font-family:宋体;color:#333333;font-size:16px;font-weight:normal;\">党的群众路线教育实践活动专题网站正式发布</span></span> \r\n</p>\r\n<span style=\"background-color:#ffffff;font-style:normal;font-family:宋体;color:#333333;font-size:16px;font-weight:normal;\">党的群众路线教育实践活动专题网站正式发布<span style=\"background-color:#ffffff;font-style:normal;font-family:宋体;color:#333333;font-size:16px;font-weight:normal;\">党的群众路线教育实践活动专题网站正式发布</span></span> \r\n<p>\r\n	<span style=\"background-color:#ffffff;font-style:normal;font-family:宋体;color:#333333;font-size:16px;font-weight:normal;\">党的群众路线教育实践活动专题网站正式发布<span style=\"background-color:#ffffff;font-style:normal;font-family:宋体;color:#333333;font-size:16px;font-weight:normal;\">党的群众路线教育实践活动专题网站正式发布</span></span> \r\n</p>\r\n<p>\r\n	<span style=\"background-color:#ffffff;font-style:normal;font-family:宋体;color:#333333;font-size:16px;font-weight:normal;\"><span style=\"background-color:#ffffff;font-style:normal;font-family:宋体;color:#333333;font-size:16px;font-weight:normal;\"><span style=\"background-color:#ffffff;font-style:normal;font-family:宋体;color:#333333;font-size:16px;font-weight:normal;\">党的群众路线教育实践活动专题网站正式发布<span style=\"background-color:#ffffff;font-style:normal;font-family:宋体;color:#333333;font-size:16px;font-weight:normal;\">党的群众路线教育实践活动专题网站正式发布</span></span></span></span> \r\n</p>\r\n<p>\r\n	<span style=\"background-color:#ffffff;font-style:normal;font-family:宋体;color:#333333;font-size:16px;font-weight:normal;\"><span style=\"background-color:#ffffff;font-style:normal;font-family:宋体;color:#333333;font-size:16px;font-weight:normal;\"><span style=\"background-color:#ffffff;font-style:normal;font-family:宋体;color:#333333;font-size:16px;font-weight:normal;\"><span style=\"background-color:#ffffff;font-style:normal;font-family:宋体;color:#333333;font-size:16px;font-weight:normal;\"><span style=\"background-color:#ffffff;font-style:normal;font-family:宋体;color:#333333;font-size:16px;font-weight:normal;\">党的群众路线教育实践活动专题网站正式发布<span style=\"background-color:#ffffff;font-style:normal;font-family:宋体;color:#333333;font-size:16px;font-weight:normal;\">党的群众路线教育实践活动专题网站正式发布</span></span></span></span></span></span> \r\n</p>\r\n<p>\r\n	<span style=\"background-color:#ffffff;font-style:normal;font-family:宋体;color:#333333;font-size:16px;font-weight:normal;\"><span style=\"background-color:#ffffff;font-style:normal;font-family:宋体;color:#333333;font-size:16px;font-weight:normal;\"><span style=\"background-color:#ffffff;font-style:normal;font-family:宋体;color:#333333;font-size:16px;font-weight:normal;\"><span style=\"background-color:#ffffff;font-style:normal;font-family:宋体;color:#333333;font-size:16px;font-weight:normal;\"><span style=\"background-color:#ffffff;font-style:normal;font-family:宋体;color:#333333;font-size:16px;font-weight:normal;\"><span style=\"background-color:#ffffff;font-style:normal;font-family:宋体;color:#333333;font-size:16px;font-weight:normal;\"><span style=\"background-color:#ffffff;font-style:normal;font-family:宋体;color:#333333;font-size:16px;font-weight:normal;\">党的群众路线教育实践活动专题网站正式发布<span style=\"background-color:#ffffff;font-style:normal;font-family:宋体;color:#333333;font-size:16px;font-weight:normal;\">党的群众路线教育实践活动专题网站正式发布</span></span></span></span></span></span></span></span> \r\n</p>\r\n<p>\r\n	<span style=\"background-color:#ffffff;font-style:normal;font-family:宋体;color:#333333;font-size:16px;font-weight:normal;\"><span style=\"background-color:#ffffff;font-style:normal;font-family:宋体;color:#333333;font-size:16px;font-weight:normal;\"><span style=\"background-color:#ffffff;font-style:normal;font-family:宋体;color:#333333;font-size:16px;font-weight:normal;\"><span style=\"background-color:#ffffff;font-style:normal;font-family:宋体;color:#333333;font-size:16px;font-weight:normal;\"><span style=\"background-color:#ffffff;font-style:normal;font-family:宋体;color:#333333;font-size:16px;font-weight:normal;\"><span style=\"background-color:#ffffff;font-style:normal;font-family:宋体;color:#333333;font-size:16px;font-weight:normal;\"><span style=\"background-color:#ffffff;font-style:normal;font-family:宋体;color:#333333;font-size:16px;font-weight:normal;\"><span style=\"background-color:#ffffff;font-style:normal;font-family:宋体;color:#333333;font-size:16px;font-weight:normal;\"><span style=\"background-color:#ffffff;font-style:normal;font-family:宋体;color:#333333;font-size:16px;font-weight:normal;\">党的群众路线教育实践活动专题网站正式发布<span style=\"background-color:#ffffff;font-style:normal;font-family:宋体;color:#333333;font-size:16px;font-weight:normal;\">党的群众路线教育实践活动专题网站正式发布</span></span></span></span></span></span></span></span></span></span> \r\n</p>\r\n<p>\r\n	<span style=\"background-color:#ffffff;font-style:normal;font-family:宋体;color:#333333;font-size:16px;font-weight:normal;\"><span style=\"background-color:#ffffff;font-style:normal;font-family:宋体;color:#333333;font-size:16px;font-weight:normal;\"><span style=\"background-color:#ffffff;font-style:normal;font-family:宋体;color:#333333;font-size:16px;font-weight:normal;\"><span style=\"background-color:#ffffff;font-style:normal;font-family:宋体;color:#333333;font-size:16px;font-weight:normal;\"><span style=\"background-color:#ffffff;font-style:normal;font-family:宋体;color:#333333;font-size:16px;font-weight:normal;\"><span style=\"background-color:#ffffff;font-style:normal;font-family:宋体;color:#333333;font-size:16px;font-weight:normal;\"><span style=\"background-color:#ffffff;font-style:normal;font-family:宋体;color:#333333;font-size:16px;font-weight:normal;\"><span style=\"background-color:#ffffff;font-style:normal;font-family:宋体;color:#333333;font-size:16px;font-weight:normal;\"><span style=\"background-color:#ffffff;font-style:normal;font-family:宋体;color:#333333;font-size:16px;font-weight:normal;\"><span style=\"background-color:#ffffff;font-style:normal;font-family:宋体;color:#333333;font-size:16px;font-weight:normal;\"><span style=\"background-color:#ffffff;font-style:normal;font-family:宋体;color:#333333;font-size:16px;font-weight:normal;\">党的群众路线教育实践活动专题网站正式发布<span style=\"background-color:#ffffff;font-style:normal;font-family:宋体;color:#333333;font-size:16px;font-weight:normal;\">党的群众路线教育实践活动专题网站正式发布</span></span></span></span></span></span></span></span></span></span></span></span> \r\n</p>\r\n<p>\r\n	<span style=\"background-color:#ffffff;font-style:normal;font-family:宋体;color:#333333;font-size:16px;font-weight:normal;\"><span style=\"background-color:#ffffff;font-style:normal;font-family:宋体;color:#333333;font-size:16px;font-weight:normal;\"><span style=\"background-color:#ffffff;font-style:normal;font-family:宋体;color:#333333;font-size:16px;font-weight:normal;\"><span style=\"background-color:#ffffff;font-style:normal;font-family:宋体;color:#333333;font-size:16px;font-weight:normal;\"><span style=\"background-color:#ffffff;font-style:normal;font-family:宋体;color:#333333;font-size:16px;font-weight:normal;\"><span style=\"background-color:#ffffff;font-style:normal;font-family:宋体;color:#333333;font-size:16px;font-weight:normal;\"><span style=\"background-color:#ffffff;font-style:normal;font-family:宋体;color:#333333;font-size:16px;font-weight:normal;\"><span style=\"background-color:#ffffff;font-style:normal;font-family:宋体;color:#333333;font-size:16px;font-weight:normal;\"><span style=\"background-color:#ffffff;font-style:normal;font-family:宋体;color:#333333;font-size:16px;font-weight:normal;\"><span style=\"background-color:#ffffff;font-style:normal;font-family:宋体;color:#333333;font-size:16px;font-weight:normal;\"><span style=\"background-color:#ffffff;font-style:normal;font-family:宋体;color:#333333;font-size:16px;font-weight:normal;\"><span style=\"background-color:#ffffff;font-style:normal;font-family:宋体;color:#333333;font-size:16px;font-weight:normal;\"><span style=\"background-color:#ffffff;font-style:normal;font-family:宋体;color:#333333;font-size:16px;font-weight:normal;\">党的群众路线教育实践活动专题网站正式发布<span style=\"background-color:#ffffff;font-style:normal;font-family:宋体;color:#333333;font-size:16px;font-weight:normal;\">党的群众路线教育实践活动专题网站正式发布</span></span></span></span></span></span></span></span></span></span></span></span></span></span> \r\n</p>\r\n<p>\r\n	<span style=\"background-color:#ffffff;font-style:normal;font-family:宋体;color:#333333;font-size:16px;font-weight:normal;\"><span style=\"background-color:#ffffff;font-style:normal;font-family:宋体;color:#333333;font-size:16px;font-weight:normal;\"><span style=\"background-color:#ffffff;font-style:normal;font-family:宋体;color:#333333;font-size:16px;font-weight:normal;\"><span style=\"background-color:#ffffff;font-style:normal;font-family:宋体;color:#333333;font-size:16px;font-weight:normal;\"><span style=\"background-color:#ffffff;font-style:normal;font-family:宋体;color:#333333;font-size:16px;font-weight:normal;\"><span style=\"background-color:#ffffff;font-style:normal;font-family:宋体;color:#333333;font-size:16px;font-weight:normal;\"><span style=\"background-color:#ffffff;font-style:normal;font-family:宋体;color:#333333;font-size:16px;font-weight:normal;\"><span style=\"background-color:#ffffff;font-style:normal;font-family:宋体;color:#333333;font-size:16px;font-weight:normal;\"><span style=\"background-color:#ffffff;font-style:normal;font-family:宋体;color:#333333;font-size:16px;font-weight:normal;\"><span style=\"background-color:#ffffff;font-style:normal;font-family:宋体;color:#333333;font-size:16px;font-weight:normal;\"><span style=\"background-color:#ffffff;font-style:normal;font-family:宋体;color:#333333;font-size:16px;font-weight:normal;\"><span style=\"background-color:#ffffff;font-style:normal;font-family:宋体;color:#333333;font-size:16px;font-weight:normal;\"><span style=\"background-color:#ffffff;font-style:normal;font-family:宋体;color:#333333;font-size:16px;font-weight:normal;\"><span style=\"background-color:#ffffff;font-style:normal;font-family:宋体;color:#333333;font-size:16px;font-weight:normal;\"><span style=\"background-color:#ffffff;font-style:normal;font-family:宋体;color:#333333;font-size:16px;font-weight:normal;\">党的群众路线教育实践活动专题网站正式发布<span style=\"background-color:#ffffff;font-style:normal;font-family:宋体;color:#333333;font-size:16px;font-weight:normal;\">党的群众路线教育实践活动专题网站正式发布</span></span></span></span></span></span></span></span></span></span></span></span></span></span></span></span> \r\n</p>\r\n<p>\r\n	<span style=\"background-color:#ffffff;font-style:normal;font-family:宋体;color:#333333;font-size:16px;font-weight:normal;\"><span style=\"background-color:#ffffff;font-style:normal;font-family:宋体;color:#333333;font-size:16px;font-weight:normal;\"><span style=\"background-color:#ffffff;font-style:normal;font-family:宋体;color:#333333;font-size:16px;font-weight:normal;\"><span style=\"background-color:#ffffff;font-style:normal;font-family:宋体;color:#333333;font-size:16px;font-weight:normal;\"><span style=\"background-color:#ffffff;font-style:normal;font-family:宋体;color:#333333;font-size:16px;font-weight:normal;\"><span style=\"background-color:#ffffff;font-style:normal;font-family:宋体;color:#333333;font-size:16px;font-weight:normal;\"><span style=\"background-color:#ffffff;font-style:normal;font-family:宋体;color:#333333;font-size:16px;font-weight:normal;\"><span style=\"background-color:#ffffff;font-style:normal;font-family:宋体;color:#333333;font-size:16px;font-weight:normal;\"><span style=\"background-color:#ffffff;font-style:normal;font-family:宋体;color:#333333;font-size:16px;font-weight:normal;\"><span style=\"background-color:#ffffff;font-style:normal;font-family:宋体;color:#333333;font-size:16px;font-weight:normal;\"><span style=\"background-color:#ffffff;font-style:normal;font-family:宋体;color:#333333;font-size:16px;font-weight:normal;\"><span style=\"background-color:#ffffff;font-style:normal;font-family:宋体;color:#333333;font-size:16px;font-weight:normal;\"><span style=\"background-color:#ffffff;font-style:normal;font-family:宋体;color:#333333;font-size:16px;font-weight:normal;\"><span style=\"background-color:#ffffff;font-style:normal;font-family:宋体;color:#333333;font-size:16px;font-weight:normal;\"><span style=\"background-color:#ffffff;font-style:normal;font-family:宋体;color:#333333;font-size:16px;font-weight:normal;\"><span style=\"background-color:#ffffff;font-style:normal;font-family:宋体;color:#333333;font-size:16px;font-weight:normal;\"><span style=\"background-color:#ffffff;font-style:normal;font-family:宋体;color:#333333;font-size:16px;font-weight:normal;\">党的群众路线教育实践活动专题网站正式发布<span style=\"background-color:#ffffff;font-style:normal;font-family:宋体;color:#333333;font-size:16px;font-weight:normal;\">党的群众路线教育实践活动专题网站正式发布</span></span></span></span></span></span></span></span></span></span></span></span></span></span></span></span></span></span> \r\n</p>\r\n<p>\r\n	<span style=\"background-color:#ffffff;font-style:normal;font-family:宋体;color:#333333;font-size:16px;font-weight:normal;\"><span style=\"background-color:#ffffff;font-style:normal;font-family:宋体;color:#333333;font-size:16px;font-weight:normal;\"><span style=\"background-color:#ffffff;font-style:normal;font-family:宋体;color:#333333;font-size:16px;font-weight:normal;\"><span style=\"background-color:#ffffff;font-style:normal;font-family:宋体;color:#333333;font-size:16px;font-weight:normal;\"><span style=\"background-color:#ffffff;font-style:normal;font-family:宋体;color:#333333;font-size:16px;font-weight:normal;\"><span style=\"background-color:#ffffff;font-style:normal;font-family:宋体;color:#333333;font-size:16px;font-weight:normal;\"><span style=\"background-color:#ffffff;font-style:normal;font-family:宋体;color:#333333;font-size:16px;font-weight:normal;\"><span style=\"background-color:#ffffff;font-style:normal;font-family:宋体;color:#333333;font-size:16px;font-weight:normal;\"><span style=\"background-color:#ffffff;font-style:normal;font-family:宋体;color:#333333;font-size:16px;font-weight:normal;\"><span style=\"background-color:#ffffff;font-style:normal;font-family:宋体;color:#333333;font-size:16px;font-weight:normal;\"><span style=\"background-color:#ffffff;font-style:normal;font-family:宋体;color:#333333;font-size:16px;font-weight:normal;\"><span style=\"background-color:#ffffff;font-style:normal;font-family:宋体;color:#333333;font-size:16px;font-weight:normal;\"><span style=\"background-color:#ffffff;font-style:normal;font-family:宋体;color:#333333;font-size:16px;font-weight:normal;\"><span style=\"background-color:#ffffff;font-style:normal;font-family:宋体;color:#333333;font-size:16px;font-weight:normal;\"><span style=\"background-color:#ffffff;font-style:normal;font-family:宋体;color:#333333;font-size:16px;font-weight:normal;\"><span style=\"background-color:#ffffff;font-style:normal;font-family:宋体;color:#333333;font-size:16px;font-weight:normal;\"><span style=\"background-color:#ffffff;font-style:normal;font-family:宋体;color:#333333;font-size:16px;font-weight:normal;\"><span style=\"background-color:#ffffff;font-style:normal;font-family:宋体;color:#333333;font-size:16px;font-weight:normal;\"><span style=\"background-color:#ffffff;font-style:normal;font-family:宋体;color:#333333;font-size:16px;font-weight:normal;\">党的群众路线教育实践活动专题网站正式发布<span style=\"background-color:#ffffff;font-style:normal;font-family:宋体;color:#333333;font-size:16px;font-weight:normal;\">党的群众路线教育实践活动专题网站正式发布</span></span></span></span></span></span></span></span></span></span></span></span></span></span></span></span></span></span></span></span> \r\n</p>\r\n<p>\r\n	<span style=\"background-color:#ffffff;font-style:normal;font-family:宋体;color:#333333;font-size:16px;font-weight:normal;\"><span style=\"background-color:#ffffff;font-style:normal;font-family:宋体;color:#333333;font-size:16px;font-weight:normal;\"><span style=\"background-color:#ffffff;font-style:normal;font-family:宋体;color:#333333;font-size:16px;font-weight:normal;\"><span style=\"background-color:#ffffff;font-style:normal;font-family:宋体;color:#333333;font-size:16px;font-weight:normal;\"><span style=\"background-color:#ffffff;font-style:normal;font-family:宋体;color:#333333;font-size:16px;font-weight:normal;\"><span style=\"background-color:#ffffff;font-style:normal;font-family:宋体;color:#333333;font-size:16px;font-weight:normal;\"><span style=\"background-color:#ffffff;font-style:normal;font-family:宋体;color:#333333;font-size:16px;font-weight:normal;\"><span style=\"background-color:#ffffff;font-style:normal;font-family:宋体;color:#333333;font-size:16px;font-weight:normal;\"><span style=\"background-color:#ffffff;font-style:normal;font-family:宋体;color:#333333;font-size:16px;font-weight:normal;\"><span style=\"background-color:#ffffff;font-style:normal;font-family:宋体;color:#333333;font-size:16px;font-weight:normal;\"><span style=\"background-color:#ffffff;font-style:normal;font-family:宋体;color:#333333;font-size:16px;font-weight:normal;\"><span style=\"background-color:#ffffff;font-style:normal;font-family:宋体;color:#333333;font-size:16px;font-weight:normal;\"><span style=\"background-color:#ffffff;font-style:normal;font-family:宋体;color:#333333;font-size:16px;font-weight:normal;\"><span style=\"background-color:#ffffff;font-style:normal;font-family:宋体;color:#333333;font-size:16px;font-weight:normal;\"><span style=\"background-color:#ffffff;font-style:normal;font-family:宋体;color:#333333;font-size:16px;font-weight:normal;\"><span style=\"background-color:#ffffff;font-style:normal;font-family:宋体;color:#333333;font-size:16px;font-weight:normal;\"><span style=\"background-color:#ffffff;font-style:normal;font-family:宋体;color:#333333;font-size:16px;font-weight:normal;\"><span style=\"background-color:#ffffff;font-style:normal;font-family:宋体;color:#333333;font-size:16px;font-weight:normal;\"><span style=\"background-color:#ffffff;font-style:normal;font-family:宋体;color:#333333;font-size:16px;font-weight:normal;\"><span style=\"background-color:#ffffff;font-style:normal;font-family:宋体;color:#333333;font-size:16px;font-weight:normal;\"><span style=\"background-color:#ffffff;font-style:normal;font-family:宋体;color:#333333;font-size:16px;font-weight:normal;\">党的群众路线教育实践活动专题网站正式发布<span style=\"background-color:#ffffff;font-style:normal;font-family:宋体;color:#333333;font-size:16px;font-weight:normal;\">党的群众路线教育实践活动专题网站正式发布</span></span></span></span></span></span></span></span></span></span></span></span></span></span></span></span></span></span></span></span></span></span> \r\n</p>\r\n<p>\r\n	<span style=\"background-color:#ffffff;font-style:normal;font-family:宋体;color:#333333;font-size:16px;font-weight:normal;\"><span style=\"background-color:#ffffff;font-style:normal;font-family:宋体;color:#333333;font-size:16px;font-weight:normal;\"><span style=\"background-color:#ffffff;font-style:normal;font-family:宋体;color:#333333;font-size:16px;font-weight:normal;\"><span style=\"background-color:#ffffff;font-style:normal;font-family:宋体;color:#333333;font-size:16px;font-weight:normal;\"><span style=\"background-color:#ffffff;font-style:normal;font-family:宋体;color:#333333;font-size:16px;font-weight:normal;\"><span style=\"background-color:#ffffff;font-style:normal;font-family:宋体;color:#333333;font-size:16px;font-weight:normal;\"><span style=\"background-color:#ffffff;font-style:normal;font-family:宋体;color:#333333;font-size:16px;font-weight:normal;\"><span style=\"background-color:#ffffff;font-style:normal;font-family:宋体;color:#333333;font-size:16px;font-weight:normal;\"><span style=\"background-color:#ffffff;font-style:normal;font-family:宋体;color:#333333;font-size:16px;font-weight:normal;\"><span style=\"background-color:#ffffff;font-style:normal;font-family:宋体;color:#333333;font-size:16px;font-weight:normal;\"><span style=\"background-color:#ffffff;font-style:normal;font-family:宋体;color:#333333;font-size:16px;font-weight:normal;\"><span style=\"background-color:#ffffff;font-style:normal;font-family:宋体;color:#333333;font-size:16px;font-weight:normal;\"><span style=\"background-color:#ffffff;font-style:normal;font-family:宋体;color:#333333;font-size:16px;font-weight:normal;\"><span style=\"background-color:#ffffff;font-style:normal;font-family:宋体;color:#333333;font-size:16px;font-weight:normal;\"><span style=\"background-color:#ffffff;font-style:normal;font-family:宋体;color:#333333;font-size:16px;font-weight:normal;\"><span style=\"background-color:#ffffff;font-style:normal;font-family:宋体;color:#333333;font-size:16px;font-weight:normal;\"><span style=\"background-color:#ffffff;font-style:normal;font-family:宋体;color:#333333;font-size:16px;font-weight:normal;\"><span style=\"background-color:#ffffff;font-style:normal;font-family:宋体;color:#333333;font-size:16px;font-weight:normal;\"><span style=\"background-color:#ffffff;font-style:normal;font-family:宋体;color:#333333;font-size:16px;font-weight:normal;\"><span style=\"background-color:#ffffff;font-style:normal;font-family:宋体;color:#333333;font-size:16px;font-weight:normal;\"><span style=\"background-color:#ffffff;font-style:normal;font-family:宋体;color:#333333;font-size:16px;font-weight:normal;\"><span style=\"background-color:#ffffff;font-style:normal;font-family:宋体;color:#333333;font-size:16px;font-weight:normal;\"><span style=\"background-color:#ffffff;font-style:normal;font-family:宋体;color:#333333;font-size:16px;font-weight:normal;\">党的群众路线教育实践活动专题网站正式发布<span style=\"background-color:#ffffff;font-style:normal;font-family:宋体;color:#333333;font-size:16px;font-weight:normal;\">党的群众路线教育实践活动专题网站正式发布</span></span></span></span></span></span></span></span></span></span></span></span></span></span></span></span></span></span></span></span></span></span></span></span><span style=\"background-color:#ffffff;font-style:normal;font-family:宋体;color:#333333;font-size:16px;font-weight:normal;\"><span style=\"background-color:#ffffff;font-style:normal;font-family:宋体;color:#333333;font-size:16px;font-weight:normal;\"></span></span> \r\n</p>','2018-04-12 14:23:36','2018-04-17 16:26:57',3),(26,'凝聚党心民心 扩大共识——掀起学习宣传贯彻十九大精神热潮','test',1,1,1,'2b72bd40-37e6-4861-b777-1545c44de058.jpg','<p style=\"background-color:#ffffff;font-family:宋体;color:#333333;font-size:16px;\">\r\n	走进北京市西城区东椿树胡同，曾经的马路停车场变成了宽敞整洁的路面，沿街的门脸经过改造透出浓厚的老北京味道。椿树街道工委书记高兴春说：“作为基层党员干部，我们要把十九大确定的政策措施落实到‘最后一公里’，把提升群众的获得感作为工作的最大动力。”\r\n</p>\r\n<p style=\"background-color:#ffffff;font-family:宋体;color:#333333;font-size:16px;\">\r\n	<br />\r\n</p>\r\n<p style=\"background-color:#ffffff;font-family:宋体;color:#333333;font-size:16px;\">\r\n	连日来，全国各地通过多种形式学习宣传贯彻党的十九大精神，推动十九大精神进企业、进农村、进机关、进校园、进社区、进军营、进网站，凝聚党心民心、扩大社会共识。\r\n</p>\r\n<p style=\"background-color:#ffffff;font-family:宋体;color:#333333;font-size:16px;\">\r\n	<br />\r\n</p>\r\n<p style=\"background-color:#ffffff;font-family:宋体;color:#333333;font-size:16px;\">\r\n	全党全国的首要政治任务\r\n</p>\r\n<p style=\"background-color:#ffffff;font-family:宋体;color:#333333;font-size:16px;\">\r\n	<br />\r\n</p>\r\n<p style=\"background-color:#ffffff;font-family:宋体;color:#333333;font-size:16px;\">\r\n	学习宣传贯彻十九大精神已成为当前和今后一段时期全党全国的首要政治任务。\r\n</p>\r\n<p style=\"background-color:#ffffff;font-family:宋体;color:#333333;font-size:16px;\">\r\n	<br />\r\n</p>\r\n<p style=\"background-color:#ffffff;font-family:宋体;color:#333333;font-size:16px;\">\r\n	10月27日，云南省委常委（扩大）会议和全省领导干部大会上提出，要迅速组织专题培训班，对乡科级以上领导干部进行轮训。10月27日，按照海南省委的统一部署，省委常委、十九大代表分赴各市县基层，开展十九大精神宣讲会。10月28日，四川省举行传达学习党的十九大精神大会，大会表示，要扎实开展教育培训，面向全体党员开展多形式、分层次、全覆盖的学习培训。\r\n</p>\r\n<p style=\"background-color:#ffffff;font-family:宋体;color:#333333;font-size:16px;\">\r\n	<br />\r\n</p>\r\n<p style=\"background-color:#ffffff;font-family:宋体;color:#333333;font-size:16px;\">\r\n	在各级党委的带领下，全国掀起了学习贯彻党的十九大精神的热潮。各地着重在学懂、弄通、做实上下工夫。\r\n</p>\r\n<p style=\"background-color:#ffffff;font-family:宋体;color:#333333;font-size:16px;\">\r\n	<br />\r\n</p>\r\n<p style=\"background-color:#ffffff;font-family:宋体;color:#333333;font-size:16px;\">\r\n	河北省沧州市图书馆专门设立了两间“理论自习室”，通过固定学习场所督促领导干部真正静下心来“读原著、学原文、悟原理”。\r\n</p>\r\n<p style=\"background-color:#ffffff;font-family:宋体;color:#333333;font-size:16px;\">\r\n	<br />\r\n</p>\r\n<p style=\"background-color:#ffffff;font-family:宋体;color:#333333;font-size:16px;\">\r\n	十九大代表现场宣讲\r\n</p>\r\n<p style=\"background-color:#ffffff;font-family:宋体;color:#333333;font-size:16px;\">\r\n	<br />\r\n</p>\r\n<p style=\"background-color:#ffffff;font-family:宋体;color:#333333;font-size:16px;\">\r\n	十九大闭幕后，各地的党代表陆续回到工作岗位，以自己亲身经历和体会，宣讲党的十九大精神。\r\n</p>','2018-04-12 21:26:58','2018-04-17 16:38:12',6),(27,'两学一做活动专题文章测试3','test',0,1,1,NULL,'党的群众路线教育实践活动专题网站正式发布党的群众路线教育实践活动专题网站正式发布党的群众路线教育实践活动专题网站正式发布党的群众路线教育实践活动专题网站正式发布党的群众路线教育实践活动专题网站正式发布党的群众路线教育实践活动专题网站正式发布党的群众路线教育实践活动专题网站正式发布党的群众路线教育实践活动专题网站正式发布党的群众路线教育实践活动专题网站正式发布党的群众路线教育实践活动专题网站正式发布党的群众路线教育实践活动专题网站正式发布党的群众路线教育实践活动专题网站正式发布党的群众路线教育实践活动专题网站正式发布党的群众路线教育实践活动专题网站正式发布党的群众路线教育实践活动专题网站正式发布党的群众路线教育实践活动专题网站正式发布党的群众路线教育实践活动专题网站正式发布党的群众路线教育实践活动专题网站正式发布党的群众路线教育实践活动专题网站正式发布党的群众路线教育实践活动专题网站正式发布党的群众路线教育实践活动专题网站正式发布党的群众路线教育实践活动专题网站正式发布党的群众路线教育实践活动专题网站正式发布党的群众路线教育实践活动专题网站正式发布党的群众路线教育实践活动专题网站正式发布党的群众路线教育实践活动专题网站正式发布党的群众路线教育实践活动专题网站正式发布党的群众路线教育实践活动专题网站正式发布党的群众路线教育实践活动专题网站正式发布党的群众路线教育实践活动专题网站正式发布党的群众路线教育实践活动专题网站正式发布党的群众路线教育实践活动专题网站正式发布党的群众路线教育实践活动专题网站正式发布党的群众路线教育实践活动专题网站正式发布党的群众路线教育实践活动专题网站正式发布党的群众路线教育实践活动专题网站正式发布党的群众路线教育实践活动专题网站正式发布党的群众路线教育实践活动专题网站正式发布党的群众路线教育实践活动专题网站正式发布党的群众路线教育实践活动专题网站正式发布党的群众路线教育实践活动专题网站正式发布党的群众路线教育实践活动专题网站正式发布党的群众路线教育实践活动专题网站正式发布党的群众路线教育实践活动专题网站正式发布党的群众路线教育实践活动专题网站正式发布党的群众路线教育实践活动专题网站正式发布党的群众路线教育实践活动专题网站正式发布党的群众路线教育实践活动专题网站正式发布党的群众路线教育实践活动专题网站正式发布党的群众路线教育实践活动专题网站正式发布党的群众路线教育实践活动专题网站正式发布党的群众路线教育实践活动专题网站正式发布党的群众路线教育实践活动专题网站正式发布党的群众路线教育实践活动专题网站正式发布','2018-04-12 21:30:39','2018-04-17 16:27:15',3),(28,'两学一做活动专题文章测试4','test',0,1,1,NULL,'党的群众路线教育实践活动专题网站正式发布党的群众路线教育实践活动专题网站正式发布党的群众路线教育实践活动专题网站正式发布党的群众路线教育实践活动专题网站正式发布党的群众路线教育实践活动专题网站正式发布党的群众路线教育实践活动专题网站正式发布党的群众路线教育实践活动专题网站正式发布党的群众路线教育实践活动专题网站正式发布党的群众路线教育实践活动专题网站正式发布党的群众路线教育实践活动专题网站正式发布党的群众路线教育实践活动专题网站正式发布党的群众路线教育实践活动专题网站正式发布党的群众路线教育实践活动专题网站正式发布党的群众路线教育实践活动专题网站正式发布党的群众路线教育实践活动专题网站正式发布党的群众路线教育实践活动专题网站正式发布党的群众路线教育实践活动专题网站正式发布党的群众路线教育实践活动专题网站正式发布党的群众路线教育实践活动专题网站正式发布党的群众路线教育实践活动专题网站正式发布党的群众路线教育实践活动专题网站正式发布党的群众路线教育实践活动专题网站正式发布党的群众路线教育实践活动专题网站正式发布党的群众路线教育实践活动专题网站正式发布党的群众路线教育实践活动专题网站正式发布党的群众路线教育实践活动专题网站正式发布党的群众路线教育实践活动专题网站正式发布党的群众路线教育实践活动专题网站正式发布党的群众路线教育实践活动专题网站正式发布党的群众路线教育实践活动专题网站正式发布党的群众路线教育实践活动专题网站正式发布党的群众路线教育实践活动专题网站正式发布党的群众路线教育实践活动专题网站正式发布党的群众路线教育实践活动专题网站正式发布党的群众路线教育实践活动专题网站正式发布党的群众路线教育实践活动专题网站正式发布党的群众路线教育实践活动专题网站正式发布党的群众路线教育实践活动专题网站正式发布党的群众路线教育实践活动专题网站正式发布党的群众路线教育实践活动专题网站正式发布党的群众路线教育实践活动专题网站正式发布党的群众路线教育实践活动专题网站正式发布党的群众路线教育实践活动专题网站正式发布党的群众路线教育实践活动专题网站正式发布党的群众路线教育实践活动专题网站正式发布党的群众路线教育实践活动专题网站正式发布党的群众路线教育实践活动专题网站正式发布党的群众路线教育实践活动专题网站正式发布党的群众路线教育实践活动专题网站正式发布党的群众路线教育实践活动专题网站正式发布党的群众路线教育实践活动专题网站正式发布党的群众路线教育实践活动专题网站正式发布党的群众路线教育实践活动专题网站正式发布党的群众路线教育实践活动专题网站正式发布','2018-04-12 21:31:13','2018-04-17 16:27:25',3),(29,'两学一做活动专题文章测试5','test',0,1,1,NULL,'党的群众路线教育实践活动专题网站正式发布党的群众路线教育实践活动专题网站正式发布党的群众路线教育实践活动专题网站正式发布党的群众路线教育实践活动专题网站正式发布党的群众路线教育实践活动专题网站正式发布党的群众路线教育实践活动专题网站正式发布党的群众路线教育实践活动专题网站正式发布党的群众路线教育实践活动专题网站正式发布党的群众路线教育实践活动专题网站正式发布党的群众路线教育实践活动专题网站正式发布党的群众路线教育实践活动专题网站正式发布党的群众路线教育实践活动专题网站正式发布党的群众路线教育实践活动专题网站正式发布党的群众路线教育实践活动专题网站正式发布党的群众路线教育实践活动专题网站正式发布党的群众路线教育实践活动专题网站正式发布党的群众路线教育实践活动专题网站正式发布党的群众路线教育实践活动专题网站正式发布党的群众路线教育实践活动专题网站正式发布党的群众路线教育实践活动专题网站正式发布党的群众路线教育实践活动专题网站正式发布党的群众路线教育实践活动专题网站正式发布党的群众路线教育实践活动专题网站正式发布党的群众路线教育实践活动专题网站正式发布党的群众路线教育实践活动专题网站正式发布党的群众路线教育实践活动专题网站正式发布党的群众路线教育实践活动专题网站正式发布党的群众路线教育实践活动专题网站正式发布党的群众路线教育实践活动专题网站正式发布党的群众路线教育实践活动专题网站正式发布党的群众路线教育实践活动专题网站正式发布党的群众路线教育实践活动专题网站正式发布党的群众路线教育实践活动专题网站正式发布党的群众路线教育实践活动专题网站正式发布党的群众路线教育实践活动专题网站正式发布党的群众路线教育实践活动专题网站正式发布党的群众路线教育实践活动专题网站正式发布党的群众路线教育实践活动专题网站正式发布党的群众路线教育实践活动专题网站正式发布党的群众路线教育实践活动专题网站正式发布党的群众路线教育实践活动专题网站正式发布党的群众路线教育实践活动专题网站正式发布党的群众路线教育实践活动专题网站正式发布党的群众路线教育实践活动专题网站正式发布党的群众路线教育实践活动专题网站正式发布党的群众路线教育实践活动专题网站正式发布党的群众路线教育实践活动专题网站正式发布党的群众路线教育实践活动专题网站正式发布党的群众路线教育实践活动专题网站正式发布党的群众路线教育实践活动专题网站正式发布党的群众路线教育实践活动专题网站正式发布党的群众路线教育实践活动专题网站正式发布党的群众路线教育实践活动专题网站正式发布党的群众路线教育实践活动专题网站正式发布','2018-04-12 21:34:08','2018-04-17 16:27:41',3),(30,'两学一做活动专题文章测试6','test',0,1,1,NULL,'党的群众路线教育实践活动专题网站正式发布党的群众路线教育实践活动专题网站正式发布党的群众路线教育实践活动专题网站正式发布党的群众路线教育实践活动专题网站正式发布党的群众路线教育实践活动专题网站正式发布党的群众路线教育实践活动专题网站正式发布党的群众路线教育实践活动专题网站正式发布党的群众路线教育实践活动专题网站正式发布党的群众路线教育实践活动专题网站正式发布党的群众路线教育实践活动专题网站正式发布党的群众路线教育实践活动专题网站正式发布党的群众路线教育实践活动专题网站正式发布党的群众路线教育实践活动专题网站正式发布党的群众路线教育实践活动专题网站正式发布党的群众路线教育实践活动专题网站正式发布党的群众路线教育实践活动专题网站正式发布党的群众路线教育实践活动专题网站正式发布党的群众路线教育实践活动专题网站正式发布党的群众路线教育实践活动专题网站正式发布党的群众路线教育实践活动专题网站正式发布党的群众路线教育实践活动专题网站正式发布党的群众路线教育实践活动专题网站正式发布党的群众路线教育实践活动专题网站正式发布党的群众路线教育实践活动专题网站正式发布党的群众路线教育实践活动专题网站正式发布党的群众路线教育实践活动专题网站正式发布党的群众路线教育实践活动专题网站正式发布党的群众路线教育实践活动专题网站正式发布党的群众路线教育实践活动专题网站正式发布党的群众路线教育实践活动专题网站正式发布党的群众路线教育实践活动专题网站正式发布党的群众路线教育实践活动专题网站正式发布党的群众路线教育实践活动专题网站正式发布党的群众路线教育实践活动专题网站正式发布党的群众路线教育实践活动专题网站正式发布党的群众路线教育实践活动专题网站正式发布党的群众路线教育实践活动专题网站正式发布党的群众路线教育实践活动专题网站正式发布党的群众路线教育实践活动专题网站正式发布党的群众路线教育实践活动专题网站正式发布党的群众路线教育实践活动专题网站正式发布党的群众路线教育实践活动专题网站正式发布党的群众路线教育实践活动专题网站正式发布党的群众路线教育实践活动专题网站正式发布党的群众路线教育实践活动专题网站正式发布党的群众路线教育实践活动专题网站正式发布党的群众路线教育实践活动专题网站正式发布党的群众路线教育实践活动专题网站正式发布党的群众路线教育实践活动专题网站正式发布党的群众路线教育实践活动专题网站正式发布党的群众路线教育实践活动专题网站正式发布党的群众路线教育实践活动专题网站正式发布党的群众路线教育实践活动专题网站正式发布党的群众路线教育实践活动专题网站正式发布','2018-04-12 21:34:38','2018-04-17 16:27:51',3),(31,'两学一做活动专题文章测试7','test',0,1,1,NULL,'党的群众路线教育实践活动专题网站正式发布党的群众路线教育实践活动专题网站正式发布党的群众路线教育实践活动专题网站正式发布党的群众路线教育实践活动专题网站正式发布党的群众路线教育实践活动专题网站正式发布党的群众路线教育实践活动专题网站正式发布党的群众路线教育实践活动专题网站正式发布党的群众路线教育实践活动专题网站正式发布党的群众路线教育实践活动专题网站正式发布党的群众路线教育实践活动专题网站正式发布党的群众路线教育实践活动专题网站正式发布党的群众路线教育实践活动专题网站正式发布党的群众路线教育实践活动专题网站正式发布党的群众路线教育实践活动专题网站正式发布党的群众路线教育实践活动专题网站正式发布党的群众路线教育实践活动专题网站正式发布党的群众路线教育实践活动专题网站正式发布党的群众路线教育实践活动专题网站正式发布党的群众路线教育实践活动专题网站正式发布党的群众路线教育实践活动专题网站正式发布党的群众路线教育实践活动专题网站正式发布党的群众路线教育实践活动专题网站正式发布党的群众路线教育实践活动专题网站正式发布党的群众路线教育实践活动专题网站正式发布党的群众路线教育实践活动专题网站正式发布党的群众路线教育实践活动专题网站正式发布党的群众路线教育实践活动专题网站正式发布党的群众路线教育实践活动专题网站正式发布党的群众路线教育实践活动专题网站正式发布党的群众路线教育实践活动专题网站正式发布党的群众路线教育实践活动专题网站正式发布党的群众路线教育实践活动专题网站正式发布党的群众路线教育实践活动专题网站正式发布党的群众路线教育实践活动专题网站正式发布党的群众路线教育实践活动专题网站正式发布党的群众路线教育实践活动专题网站正式发布党的群众路线教育实践活动专题网站正式发布党的群众路线教育实践活动专题网站正式发布党的群众路线教育实践活动专题网站正式发布党的群众路线教育实践活动专题网站正式发布党的群众路线教育实践活动专题网站正式发布党的群众路线教育实践活动专题网站正式发布党的群众路线教育实践活动专题网站正式发布党的群众路线教育实践活动专题网站正式发布党的群众路线教育实践活动专题网站正式发布党的群众路线教育实践活动专题网站正式发布党的群众路线教育实践活动专题网站正式发布党的群众路线教育实践活动专题网站正式发布党的群众路线教育实践活动专题网站正式发布党的群众路线教育实践活动专题网站正式发布党的群众路线教育实践活动专题网站正式发布党的群众路线教育实践活动专题网站正式发布党的群众路线教育实践活动专题网站正式发布党的群众路线教育实践活动专题网站正式发布','2018-04-12 21:34:50','2018-04-17 16:28:06',3),(32,'十九届中央军委进行第一次集体学习 深入学习贯彻党的十九大精神','test',1,1,3,NULL,'<p style=\"font-family:宋体;font-size:16px;background-color:#FFFFFF;\">\r\n	十九届中央军委30日上午进行第一次集体学习，围绕全面学习贯彻党的十九大精神，交流学习体会，研究贯彻落实的意见。\r\n</p>\r\n<p style=\"font-family:宋体;font-size:16px;background-color:#FFFFFF;\">\r\n	&emsp;&emsp;会议强调，要坚决贯彻习主席重要指示精神，把学习宣传贯彻党的十九大精神作为首要政治任务，按照走在前列的要求，精心筹划组织，迅速兴起热潮，切实把军心凝聚在中国特色社会主义伟大旗帜下，凝聚到习近平新时代中国特色社会主义思想上，凝聚到习近平强军思想上，强化“四个意识”、增强“四个自信”，坚定不移走中国特色强军之路，全面推进国防和军队现代化，为实现党在新时代的强军目标、把人民军队全面建成世界一流军队努力奋斗。\r\n</p>\r\n<p style=\"font-family:宋体;font-size:16px;background-color:#FFFFFF;\">\r\n	&emsp;&emsp;会议指出，学习贯彻党的十九大精神，军委必须带头学、带头讲、带头干，切实在学懂、弄通、做实上下功夫见成效。要坚持原原本本、原汁原味学，坚持全面系统、整体把握，坚持突出重点、抓住关键，努力掌握党的十九大精神的政治意义、历史意义、理论意义、实践意义，努力掌握思想精髓、核心要义。要强化学习的自觉性坚定性创造性，改进学习方法，提高学习质量，做到认识有新高度、学习有新境界、组织实施有新气象，立起学习贯彻的新风尚新导向。领导干部要率先垂范、以上率下，一级带着一级学、一级带着一级干，给部队做出榜样、立起标杆。\r\n</p>','2018-04-12 21:47:49','2018-04-12 21:47:49',4),(33,'党的十九届一中全会选举习近平为中央委员会总书记','test',1,1,1,'758a47c8-39b6-4339-80a1-dca530e7c333.jpg','党的十九届一中全会选举习近平为中央委员会总书记','2018-04-12 21:48:52','2018-04-12 21:48:52',3),(34,'习近平：铭记党的奋斗历程时刻不忘初心 担当党的崇高使命矢志永远奋斗','test',0,1,1,NULL,'<p style=\"text-align:center;\">\r\n	<img src=\"/attached/image/20180412/20180412215306_821.jpg\" alt=\"\" />\r\n</p>\r\n<p style=\"text-align:center;\">\r\n	<span style=\"color:#333333;font-family:宋体;font-size:14px;background-color:#FFFFFF;\">10月31日，中共中央总书记、国家主席、中央军委主席习近平带领中共中央政治局常委李克强、栗战书、汪洋、王沪宁、赵乐际、韩正，瞻仰上海中共一大会址和浙江嘉兴南湖红船。这是31日上午，习近平等在上海瞻仰中共一大会议室原址。</span><br />\r\n<span style=\"color:#333333;font-family:宋体;font-size:14px;background-color:#FFFFFF;\">  新华社记者 兰红光摄</span>\r\n</p>\r\n<p style=\"text-align:center;\">\r\n	<img src=\"/attached/image/20180412/20180412215425_149.jpg\" alt=\"\" />\r\n</p>\r\n<p style=\"text-align:center;\">\r\n	习近平：铭记党的奋斗历程时刻不忘初心 担当党的崇高使命矢志永远奋斗\r\n</p>','2018-04-12 21:54:45','2018-04-12 21:56:00',4),(35,'中共中央关于认真学习宣传贯彻党的十九大精神的决定','test',0,1,2,NULL,'<p style=\"color:#333333;text-indent:0px;font-family:宋体;font-size:16px;font-style:normal;font-weight:normal;background-color:#FFFFFF;\">\r\n	为深入学习宣传贯彻党的十九大精神，把全党全国各族人民的思想统一到党的十九大精神上来，把力量凝聚到党的十九大确定的各项任务上来，作出如下决定。\r\n</p>\r\n<p style=\"color:#333333;text-indent:0px;font-family:宋体;font-size:16px;font-style:normal;font-weight:normal;background-color:#FFFFFF;\">\r\n	<br />\r\n</p>\r\n<p style=\"color:#333333;text-indent:0px;font-family:宋体;font-size:16px;font-style:normal;font-weight:normal;background-color:#FFFFFF;\">\r\n	一、充分认识学习宣传贯彻党的十九大精神的重大意义\r\n</p>\r\n<p style=\"color:#333333;text-indent:0px;font-family:宋体;font-size:16px;font-style:normal;font-weight:normal;background-color:#FFFFFF;\">\r\n	<br />\r\n</p>\r\n<p style=\"color:#333333;text-indent:0px;font-family:宋体;font-size:16px;font-style:normal;font-weight:normal;background-color:#FFFFFF;\">\r\n	中国共产党第十九次全国代表大会于10月18日至24日在北京举行。这是在全面建成小康社会决胜阶段、中国特色社会主义进入新时代的关键时期召开的一次十分重要的大会。大会高举中国特色社会主义伟大旗帜，以马克思列宁主义、毛泽东思想、邓小平理论、“三个代表”重要思想、科学发展观、习近平新时代中国特色社会主义思想为指导，分析了国际国内形势发展变化，回顾和总结了过去5年的工作和历史性变革，作出了中国特色社会主义进入了新时代、我国社会主要矛盾已经转化为人民日益增长的美好生活需要和不平衡不充分的发展之间的矛盾等重大政治论断，深刻阐述了新时代中国共产党的历史使命，确立了习近平新时代中国特色社会主义思想的历史地位，提出了新时代坚持和发展中国特色社会主义的基本方略，确定了决胜全面建成小康社会、开启全面建设社会主义现代化国家新征程的目标，对新时代推进中国特色社会主义伟大事业和党的建设新的伟大工程作出了全面部署。大会批准了习近平同志代表十八届中央委员会所作的《决胜全面建成小康社会 夺取新时代中国特色社会主义伟大胜利》的报告，批准了中央纪律检查委员会的工作报告，审议通过了《中国共产党章程（修正案）》，选举产生了新一届中央委员会和中央纪律检查委员会。\r\n</p>','2018-04-12 21:57:13','2018-04-12 21:57:28',4),(36,'中共中央关于认真学习宣传贯彻党的十九大精神的决定','test',0,1,1,NULL,'<p>\r\n	为深入学习宣传贯彻党的十九大精神，把全党全国各族人民的思想统一到党的十九大精神上来，把力量凝聚到党的十九大确定的各项任务上来，作出如下决定。\r\n</p>\r\n<p>\r\n	<br />\r\n一、充分认识学习宣传贯彻党的十九大精神的重大意义\r\n</p>\r\n<p>\r\n	<br />\r\n中国共产党第十九次全国代表大会于10月18日至24日在北京举行。这是在全面建成小康社会决胜阶段、中国特色社会主义进入新时代的关键时期召开的一次十分重要的大会。大会高举中国特色社会主义伟大旗帜，以马克思列宁主义、毛泽东思想、邓小平理论、“三个代表”重要思想、科学发展观、习近平新时代中国特色社会主义思想为指导，分析了国际国内形势发展变化，回顾和总结了过去5年的工作和历史性变革，作出了中国特色社会主义进入了新时代、我国社会主要矛盾已经转化为人民日益增长的美好生活需要和不平衡不充分的发展之间的矛盾等重大政治论断，深刻阐述了新时代中国共产党的历史使命，确立了习近平新时代中国特色社会主义思想的历史地位，提出了新时代坚持和发展中国特色社会主义的基本方略，确定了决胜全面建成小康社会、开启全面建设社会主义现代化国家新征程的目标，对新时代推进中国特色社会主义伟大事业和党的建设新的伟大工程作出了全面部署。大会批准了习近平同志代表十八届中央委员会所作的《决胜全面建成小康社会 夺取新时代中国特色社会主义伟大胜利》的报告，批准了中央纪律检查委员会的工作报告，审议通过了《中国共产党章程（修正案）》，选举产生了新一届中央委员会和中央纪律检查委员会。\r\n</p>','2018-04-12 21:58:15','2018-04-12 21:58:15',4),(37,'中共中央关于认真学习宣传贯彻党的十九大精神的决定','test',0,1,3,NULL,'<p>\r\n	为深入学习宣传贯彻党的十九大精神，把全党全国各族人民的思想统一到党的十九大精神上来，把力量凝聚到党的十九大确定的各项任务上来，作出如下决定。\r\n</p>\r\n<p>\r\n	<br />\r\n一、充分认识学习宣传贯彻党的十九大精神的重大意义\r\n</p>\r\n<p>\r\n	<br />\r\n中国共产党第十九次全国代表大会于10月18日至24日在北京举行。这是在全面建成小康社会决胜阶段、中国特色社会主义进入新时代的关键时期召开的一次十分重要的大会。大会高举中国特色社会主义伟大旗帜，以马克思列宁主义、毛泽东思想、邓小平理论、“三个代表”重要思想、科学发展观、习近平新时代中国特色社会主义思想为指导，分析了国际国内形势发展变化，回顾和总结了过去5年的工作和历史性变革，作出了中国特色社会主义进入了新时代、我国社会主要矛盾已经转化为人民日益增长的美好生活需要和不平衡不充分的发展之间的矛盾等重大政治论断，深刻阐述了新时代中国共产党的历史使命，确立了习近平新时代中国特色社会主义思想的历史地位，提出了新时代坚持和发展中国特色社会主义的基本方略，确定了决胜全面建成小康社会、开启全面建设社会主义现代化国家新征程的目标，对新时代推进中国特色社会主义伟大事业和党的建设新的伟大工程作出了全面部署。大会批准了习近平同志代表十八届中央委员会所作的《决胜全面建成小康社会 夺取新时代中国特色社会主义伟大胜利》的报告，批准了中央纪律检查委员会的工作报告，审议通过了《中国共产党章程（修正案）》，选举产生了新一届中央委员会和中央纪律检查委员会。\r\n</p>','2018-04-12 21:58:35','2018-04-12 21:58:35',4),(38,'中共中央关于认真学习宣传贯彻党的十九大精神的决定','test',0,1,1,NULL,'<p>\r\n	为深入学习宣传贯彻党的十九大精神，把全党全国各族人民的思想统一到党的十九大精神上来，把力量凝聚到党的十九大确定的各项任务上来，作出如下决定。\r\n</p>\r\n<p>\r\n	<br />\r\n一、充分认识学习宣传贯彻党的十九大精神的重大意义\r\n</p>\r\n<p>\r\n	<br />\r\n中国共产党第十九次全国代表大会于10月18日至24日在北京举行。这是在全面建成小康社会决胜阶段、中国特色社会主义进入新时代的关键时期召开的一次十分重要的大会。大会高举中国特色社会主义伟大旗帜，以马克思列宁主义、毛泽东思想、邓小平理论、“三个代表”重要思想、科学发展观、习近平新时代中国特色社会主义思想为指导，分析了国际国内形势发展变化，回顾和总结了过去5年的工作和历史性变革，作出了中国特色社会主义进入了新时代、我国社会主要矛盾已经转化为人民日益增长的美好生活需要和不平衡不充分的发展之间的矛盾等重大政治论断，深刻阐述了新时代中国共产党的历史使命，确立了习近平新时代中国特色社会主义思想的历史地位，提出了新时代坚持和发展中国特色社会主义的基本方略，确定了决胜全面建成小康社会、开启全面建设社会主义现代化国家新征程的目标，对新时代推进中国特色社会主义伟大事业和党的建设新的伟大工程作出了全面部署。大会批准了习近平同志代表十八届中央委员会所作的《决胜全面建成小康社会 夺取新时代中国特色社会主义伟大胜利》的报告，批准了中央纪律检查委员会的工作报告，审议通过了《中国共产党章程（修正案）》，选举产生了新一届中央委员会和中央纪律检查委员会。\r\n</p>','2018-04-12 21:59:06','2018-04-12 21:59:06',4),(39,'刘家义主持山东省委常委会扩大会议','test',0,1,1,NULL,'<p>\r\n	<p style=\"color:#333333;text-indent:0px;font-family:宋体;font-size:16px;font-style:normal;font-weight:normal;background-color:#FFFFFF;\">\r\n		原标题：传达学习习近平总书记在瞻仰中共一大会址时的重要讲话精神\r\n	</p>\r\n	<p style=\"color:#333333;text-indent:0px;font-family:宋体;font-size:16px;font-style:normal;font-weight:normal;background-color:#FFFFFF;\">\r\n		今天下午,省委常委会召开扩大会议,传达学习习近平总书记带领中共中央政治局常委在瞻仰上海中共一大会址和浙江嘉兴南湖红船时的重要讲话精神。\r\n	</p>\r\n	<p style=\"color:#333333;text-indent:0px;font-family:宋体;font-size:16px;font-style:normal;font-weight:normal;background-color:#FFFFFF;\">\r\n		<br />\r\n	</p>\r\n	<p style=\"color:#333333;text-indent:0px;font-family:宋体;font-size:16px;font-style:normal;font-weight:normal;background-color:#FFFFFF;\">\r\n		省委书记刘家义主持会议并讲话,省委常委,有关省领导和省直部门负责同志出席会议。\r\n	</p>\r\n	<p style=\"color:#333333;text-indent:0px;font-family:宋体;font-size:16px;font-style:normal;font-weight:normal;background-color:#FFFFFF;\">\r\n		<br />\r\n	</p>\r\n	<p style=\"color:#333333;text-indent:0px;font-family:宋体;font-size:16px;font-style:normal;font-weight:normal;background-color:#FFFFFF;\">\r\n		会上,省委常委和有关省领导结合自身思想和工作实际,谈了认识和学习体会。大家一致认为,在党的十九大刚刚胜利闭幕之际,习近平总书记带领中央政治局常委,专程从北京赶赴上海和浙江嘉兴,回到我们党梦想起航的地方,瞻仰上海中共一大会址和浙江嘉兴南湖红船,回顾建党历史,重温入党誓词,对全党提出重要要求,充分表明了我们党走得再远、走到再光辉的未来,也不能忘记走过的过去,不能忘记为什么出发,充分体现了以习近平同志为核心的党中央不忘初心、牢记使命的宗旨意识和责任担当,鲜明宣示了新一届党中央领导集体的坚定政治信念。大家一致表示,要认真学习领会习近平总书记重要讲话精神,始终铭记党的奋斗历程,始终铭记入党誓词,不忘初心、牢记使命、永远奋斗。要坚定不移牢固树立“四个意识”,坚定不移做到“四个看齐”,坚定不移维护习近平总书记核心地位和领袖权威,始终做到绝对忠于核心、坚定拥护核心、时刻紧跟核心、坚决捍卫核心,自觉维护以习近平同志为核心的党中央权威和集中统一领导。要深入学习宣传贯彻党的十九大精神,自觉用习近平新时代中国特色社会主义思想改造主观世界、纯洁自己的灵魂,切实把思想和行动统一到十九大精神上来。要始终做到对党忠诚、对人民忠诚、对组织坦诚,坚守廉洁红线,严于律己,严守党的政治纪律和政治规矩,做一名忠诚干净担当的党员干部。\r\n	</p>\r\n</p>','2018-04-12 22:01:17','2018-04-12 22:01:17',6),(40,'刘家义主持山东省委常委会扩大会议','test',0,1,1,NULL,'<p>\r\n	原标题：传达学习习近平总书记在瞻仰中共一大会址时的重要讲话精神\r\n</p>\r\n<p>\r\n	今天下午,省委常委会召开扩大会议,传达学习习近平总书记带领中共中央政治局常委在瞻仰上海中共一大会址和浙江嘉兴南湖红船时的重要讲话精神。\r\n</p>\r\n<p>\r\n	<br />\r\n省委书记刘家义主持会议并讲话,省委常委,有关省领导和省直部门负责同志出席会议。\r\n</p>\r\n<p>\r\n	<br />\r\n会上,省委常委和有关省领导结合自身思想和工作实际,谈了认识和学习体会。大家一致认为,在党的十九大刚刚胜利闭幕之际,习近平总书记带领中央政治局常委,专程从北京赶赴上海和浙江嘉兴,回到我们党梦想起航的地方,瞻仰上海中共一大会址和浙江嘉兴南湖红船,回顾建党历史,重温入党誓词,对全党提出重要要求,充分表明了我们党走得再远、走到再光辉的未来,也不能忘记走过的过去,不能忘记为什么出发,充分体现了以习近平同志为核心的党中央不忘初心、牢记使命的宗旨意识和责任担当,鲜明宣示了新一届党中央领导集体的坚定政治信念。大家一致表示,要认真学习领会习近平总书记重要讲话精神,始终铭记党的奋斗历程,始终铭记入党誓词,不忘初心、牢记使命、永远奋斗。要坚定不移牢固树立“四个意识”,坚定不移做到“四个看齐”,坚定不移维护习近平总书记核心地位和领袖权威,始终做到绝对忠于核心、坚定拥护核心、时刻紧跟核心、坚决捍卫核心,自觉维护以习近平同志为核心的党中央权威和集中统一领导。要深入学习宣传贯彻党的十九大精神,自觉用习近平新时代中国特色社会主义思想改造主观世界、纯洁自己的灵魂,切实把思想和行动统一到十九大精神上来。要始终做到对党忠诚、对人民忠诚、对组织坦诚,坚守廉洁红线,严于律己,严守党的政治纪律和政治规矩,做一名忠诚干净担当的党员干部。\r\n</p>','2018-04-12 22:01:44','2018-04-12 22:01:44',6),(41,'刘家义主持山东省委常委会扩大会议','test',0,1,1,NULL,'<p>\r\n	原标题：传达学习习近平总书记在瞻仰中共一大会址时的重要讲话精神\r\n</p>\r\n<p>\r\n	今天下午,省委常委会召开扩大会议,传达学习习近平总书记带领中共中央政治局常委在瞻仰上海中共一大会址和浙江嘉兴南湖红船时的重要讲话精神。\r\n</p>\r\n<p>\r\n	<br />\r\n省委书记刘家义主持会议并讲话,省委常委,有关省领导和省直部门负责同志出席会议。\r\n</p>\r\n<p>\r\n	<br />\r\n会上,省委常委和有关省领导结合自身思想和工作实际,谈了认识和学习体会。大家一致认为,在党的十九大刚刚胜利闭幕之际,习近平总书记带领中央政治局常委,专程从北京赶赴上海和浙江嘉兴,回到我们党梦想起航的地方,瞻仰上海中共一大会址和浙江嘉兴南湖红船,回顾建党历史,重温入党誓词,对全党提出重要要求,充分表明了我们党走得再远、走到再光辉的未来,也不能忘记走过的过去,不能忘记为什么出发,充分体现了以习近平同志为核心的党中央不忘初心、牢记使命的宗旨意识和责任担当,鲜明宣示了新一届党中央领导集体的坚定政治信念。大家一致表示,要认真学习领会习近平总书记重要讲话精神,始终铭记党的奋斗历程,始终铭记入党誓词,不忘初心、牢记使命、永远奋斗。要坚定不移牢固树立“四个意识”,坚定不移做到“四个看齐”,坚定不移维护习近平总书记核心地位和领袖权威,始终做到绝对忠于核心、坚定拥护核心、时刻紧跟核心、坚决捍卫核心,自觉维护以习近平同志为核心的党中央权威和集中统一领导。要深入学习宣传贯彻党的十九大精神,自觉用习近平新时代中国特色社会主义思想改造主观世界、纯洁自己的灵魂,切实把思想和行动统一到十九大精神上来。要始终做到对党忠诚、对人民忠诚、对组织坦诚,坚守廉洁红线,严于律己,严守党的政治纪律和政治规矩,做一名忠诚干净担当的党员干部。\r\n</p>','2018-04-12 22:01:59','2018-04-12 22:01:59',6),(42,'认真学习习主席在瞻仰中共一大会址时重要讲话','test',0,1,1,NULL,'<p style=\"text-align:left;color:#000000;text-indent:2em;font-family:宋体;font-size:16px;font-style:normal;font-weight:normal;background-color:#FFFFFF;\">\r\n	中央军委政治工作部近日印发《通知》，要求各级认真学习习近平主席在瞻仰中共一大会址时重要讲话。\r\n</p>\r\n<p style=\"text-align:left;color:#000000;text-indent:2em;font-family:宋体;font-size:16px;font-style:normal;font-weight:normal;background-color:#FFFFFF;\">\r\n	《通知》指出，2017年10月31日，习主席带领新一届中央政治局常委专程从北京前往上海和浙江嘉兴，瞻仰上海中共一大会址和浙江嘉兴南湖红船，回顾建党历史，重温入党誓词，并发表重要讲话，郑重宣示了新一届中央领导集体的坚定政治信念。习主席带领新一届中央政治局常委重回党的精神家园，追溯党的根脉，解读党的初心，对全党全军是一次新时代新征程上的生动党课教育和深刻灵魂洗礼。习主席带领新一届中央政治局常委面对党旗、铿锵宣誓，真挚的情感、如磐的信念，让每名党员深受感染、鼓舞和激励，极大坚定了牢记入党誓词、终身为党奋斗的信念决心。习主席的重要讲话，强调只有不忘初心、牢记使命、永远奋斗，才能让中国共产党永远年轻。只要全党全国各族人民团结一心、苦干实干，中华民族伟大复兴的巨轮就一定能够乘风破浪、胜利驶向光辉的彼岸。感悟习主席瞻仰一大会址的深厚政治意蕴，认真学习习主席重要讲话精神，对于激励全党全军全国各族人民全面贯彻落实党的十九大精神，决胜全面建成小康社会、夺取新时代中国特色社会主义伟大胜利、实现中华民族伟大复兴的中国梦，具有十分重要的意义。\r\n</p>','2018-04-12 22:02:53','2018-04-12 22:02:53',7),(43,'认真学习习主席在瞻仰中共一大会址时重要讲话','test',0,1,1,NULL,'<p>\r\n	中央军委政治工作部近日印发《通知》，要求各级认真学习习近平主席在瞻仰中共一大会址时重要讲话。\r\n</p>\r\n<p>\r\n	《通知》指出，2017年10月31日，习主席带领新一届中央政治局常委专程从北京前往上海和浙江嘉兴，瞻仰上海中共一大会址和浙江嘉兴南湖红船，回顾建党历史，重温入党誓词，并发表重要讲话，郑重宣示了新一届中央领导集体的坚定政治信念。习主席带领新一届中央政治局常委重回党的精神家园，追溯党的根脉，解读党的初心，对全党全军是一次新时代新征程上的生动党课教育和深刻灵魂洗礼。习主席带领新一届中央政治局常委面对党旗、铿锵宣誓，真挚的情感、如磐的信念，让每名党员深受感染、鼓舞和激励，极大坚定了牢记入党誓词、终身为党奋斗的信念决心。习主席的重要讲话，强调只有不忘初心、牢记使命、永远奋斗，才能让中国共产党永远年轻。只要全党全国各族人民团结一心、苦干实干，中华民族伟大复兴的巨轮就一定能够乘风破浪、胜利驶向光辉的彼岸。感悟习主席瞻仰一大会址的深厚政治意蕴，认真学习习主席重要讲话精神，对于激励全党全军全国各族人民全面贯彻落实党的十九大精神，决胜全面建成小康社会、夺取新时代中国特色社会主义伟大胜利、实现中华民族伟大复兴的中国梦，具有十分重要的意义。\r\n</p>','2018-04-12 22:03:08','2018-04-12 22:03:08',7),(44,'认真学习习主席在瞻仰中共一大会址时重要讲话','test',0,1,2,NULL,'<p>\r\n	中央军委政治工作部近日印发《通知》，要求各级认真学习习近平主席在瞻仰中共一大会址时重要讲话。\r\n</p>\r\n<p>\r\n	《通知》指出，2017年10月31日，习主席带领新一届中央政治局常委专程从北京前往上海和浙江嘉兴，瞻仰上海中共一大会址和浙江嘉兴南湖红船，回顾建党历史，重温入党誓词，并发表重要讲话，郑重宣示了新一届中央领导集体的坚定政治信念。习主席带领新一届中央政治局常委重回党的精神家园，追溯党的根脉，解读党的初心，对全党全军是一次新时代新征程上的生动党课教育和深刻灵魂洗礼。习主席带领新一届中央政治局常委面对党旗、铿锵宣誓，真挚的情感、如磐的信念，让每名党员深受感染、鼓舞和激励，极大坚定了牢记入党誓词、终身为党奋斗的信念决心。习主席的重要讲话，强调只有不忘初心、牢记使命、永远奋斗，才能让中国共产党永远年轻。只要全党全国各族人民团结一心、苦干实干，中华民族伟大复兴的巨轮就一定能够乘风破浪、胜利驶向光辉的彼岸。感悟习主席瞻仰一大会址的深厚政治意蕴，认真学习习主席重要讲话精神，对于激励全党全军全国各族人民全面贯彻落实党的十九大精神，决胜全面建成小康社会、夺取新时代中国特色社会主义伟大胜利、实现中华民族伟大复兴的中国梦，具有十分重要的意义。\r\n</p>','2018-04-12 22:03:23','2018-04-12 22:03:23',7),(45,'中共中央关于认真学习宣传贯彻党的十九大精神的决定','test',1,1,1,'b5c4ccd4-18b5-44b1-b6bf-8f18fbc0dd3a.jpg','<p style=\"background-color:#ffffff;font-style:normal;text-indent:0px;font-family:宋体;color:#333333;font-size:16px;font-weight:normal;\">\r\n	为深入学习宣传贯彻党的十九大精神，把全党全国各族人民的思想统一到党的十九大精神上来，把力量凝聚到党的十九大确定的各项任务上来，作出如下决定。\r\n</p>\r\n<p style=\"background-color:#ffffff;font-style:normal;text-indent:0px;font-family:宋体;color:#333333;font-size:16px;font-weight:normal;\">\r\n	<br />\r\n</p>\r\n<p style=\"background-color:#ffffff;font-style:normal;text-indent:0px;font-family:宋体;color:#333333;font-size:16px;font-weight:normal;\">\r\n	一、充分认识学习宣传贯彻党的十九大精神的重大意义\r\n</p>\r\n<p style=\"background-color:#ffffff;font-style:normal;text-indent:0px;font-family:宋体;color:#333333;font-size:16px;font-weight:normal;\">\r\n	<br />\r\n</p>\r\n<p style=\"background-color:#ffffff;font-style:normal;text-indent:0px;font-family:宋体;color:#333333;font-size:16px;font-weight:normal;\">\r\n	中国共产党第十九次全国代表大会于10月18日至24日在北京举行。这是在全面建成小康社会决胜阶段、中国特色社会主义进入新时代的关键时期召开的一次十分重要的大会。大会高举中国特色社会主义伟大旗帜，以马克思列宁主义、毛泽东思想、邓小平理论、“三个代表”重要思想、科学发展观、习近平新时代中国特色社会主义思想为指导，分析了国际国内形势发展变化，回顾和总结了过去5年的工作和历史性变革，作出了中国特色社会主义进入了新时代、我国社会主要矛盾已经转化为人民日益增长的美好生活需要和不平衡不充分的发展之间的矛盾等重大政治论断，深刻阐述了新时代中国共产党的历史使命，确立了习近平新时代中国特色社会主义思想的历史地位，提出了新时代坚持和发展中国特色社会主义的基本方略，确定了决胜全面建成小康社会、开启全面建设社会主义现代化国家新征程的目标，对新时代推进中国特色社会主义伟大事业和党的建设新的伟大工程作出了全面部署。大会批准了习近平同志代表十八届中央委员会所作的《决胜全面建成小康社会 夺取新时代中国特色社会主义伟大胜利》的报告，批准了中央纪律检查委员会的工作报告，审议通过了《中国共产党章程（修正案）》，选举产生了新一届中央委员会和中央纪律检查委员会。\r\n</p>\r\n<p style=\"background-color:#ffffff;font-style:normal;text-indent:0px;font-family:宋体;color:#333333;font-size:16px;font-weight:normal;\">\r\n	<br />\r\n</p>\r\n<p style=\"background-color:#ffffff;font-style:normal;text-indent:0px;font-family:宋体;color:#333333;font-size:16px;font-weight:normal;\">\r\n	习近平同志的报告，深刻回答了新时代坚持和发展中国特色社会主义的一系列重大理论和实践问题，描绘了决胜全面建成小康社会、夺取新时代中国特色社会主义伟大胜利的宏伟蓝图，进一步指明了党和国家事业的前进方向，是全党全国各族人民智慧的结晶，是我们党团结带领全国各族人民在新时代坚持和发展中国特色社会主义的政治宣言和行动纲领，是马克思主义的纲领性文献。《中国共产党章程（修正案）》将习近平新时代中国特色社会主义思想写入党章，确立为我们党必须长期坚持的指导思想。修改后的党章充分体现了党的十八大以来党的理论创新、实践创新、制度创新成果，充分体现了党的十九大报告确立的重大理论观点和重大战略思想，对推进党的事业和党的建设必将更好发挥规范和指导作用。\r\n</p>\r\n<p style=\"background-color:#ffffff;font-style:normal;text-indent:0px;font-family:宋体;color:#333333;font-size:16px;font-weight:normal;\">\r\n	<br />\r\n</p>\r\n<p style=\"background-color:#ffffff;font-style:normal;text-indent:0px;font-family:宋体;color:#333333;font-size:16px;font-weight:normal;\">\r\n	党的十九届一中全会选举产生了以习近平同志为核心的新一届中央领导集体，一批经验丰富、德才兼备、奋发有为的同志进入中央领导机构，充分显示出中国特色社会主义事业蓬勃兴旺、充满活力。\r\n</p>\r\n<p style=\"background-color:#ffffff;font-style:normal;text-indent:0px;font-family:宋体;color:#333333;font-size:16px;font-weight:normal;\">\r\n	<br />\r\n</p>\r\n<p style=\"background-color:#ffffff;font-style:normal;text-indent:0px;font-family:宋体;color:#333333;font-size:16px;font-weight:normal;\">\r\n	认真学习宣传贯彻党的十九大精神，事关党和国家工作全局，事关中国特色社会主义事业长远发展，事关最广大人民根本利益，对于动员全党全国各族人民更加紧密地团结在以习近平同志为核心的党中央周围，高举中国特色社会主义伟大旗帜，坚定道路自信、理论自信、制度自信、文化自信，为实现推进现代化建设、完成祖国统一、维护世界和平与促进共同发展三大历史任务，为决胜全面建成小康社会、夺取新时代中国特色社会主义伟大胜利、实现中华民族伟大复兴的中国梦、实现人民对美好生活的向往继续奋斗，具有重大现实意义和深远历史意义。\r\n</p>\r\n<p style=\"background-color:#ffffff;font-style:normal;text-indent:0px;font-family:宋体;color:#333333;font-size:16px;font-weight:normal;\">\r\n	<br />\r\n</p>\r\n<p style=\"background-color:#ffffff;font-style:normal;text-indent:0px;font-family:宋体;color:#333333;font-size:16px;font-weight:normal;\">\r\n	二、全面准确学习领会党的十九大精神\r\n</p>\r\n<p style=\"background-color:#ffffff;font-style:normal;text-indent:0px;font-family:宋体;color:#333333;font-size:16px;font-weight:normal;\">\r\n	<br />\r\n</p>\r\n<p style=\"background-color:#ffffff;font-style:normal;text-indent:0px;font-family:宋体;color:#333333;font-size:16px;font-weight:normal;\">\r\n	学习领会党的十九大精神，必须坚持全面准确，坚持读原著、学原文、悟原理，做到学深悟透。要认真研读党的十九大报告和党章，学习习近平总书记在党的十九届一中全会上的重要讲话精神，着重把握以下几个方面。\r\n</p>\r\n<p style=\"background-color:#ffffff;font-style:normal;text-indent:0px;font-family:宋体;color:#333333;font-size:16px;font-weight:normal;\">\r\n	<br />\r\n</p>\r\n<p style=\"background-color:#ffffff;font-style:normal;text-indent:0px;font-family:宋体;color:#333333;font-size:16px;font-weight:normal;\">\r\n	1.深刻领会党的十九大的主题。不忘初心，牢记使命，高举中国特色社会主义伟大旗帜，决胜全面建成小康社会，夺取新时代中国特色社会主义伟大胜利，为实现中华民族伟大复兴的中国梦不懈奋斗。这是党的十九大的主题，明确回答了我们党在新时代举什么旗、走什么路、以什么样的精神状态、担负什么样的历史使命、实现什么样的奋斗目标的重大问题。中国共产党人的初心和使命，就是为中国人民谋幸福，为中华民族谋复兴。这个初心和使命是激励中国共产党人不断前进的根本动力。中国特色社会主义是改革开放以来党的全部理论和实践的主题，在未来的征程上，要高举中国特色社会主义伟大旗帜，更加自觉地增强道路自信、理论自信、制度自信、文化自信，确保党和国家事业始终沿着正确方向胜利前进。决胜全面建成小康社会是到2020年必须完成的奋斗目标，要举全党全国之力，为实现第一个百年奋斗目标而奋斗。全面建成小康社会是党和国家事业发展的一个阶段性目标，这个目标实现后，我们要在新的历史起点上夺取新时代中国特色社会主义伟大胜利，为实现中华民族伟大复兴的中国梦不懈奋斗。\r\n</p>\r\n<p style=\"background-color:#ffffff;font-style:normal;text-indent:0px;font-family:宋体;color:#333333;font-size:16px;font-weight:normal;\">\r\n	<br />\r\n</p>\r\n<p style=\"background-color:#ffffff;font-style:normal;text-indent:0px;font-family:宋体;color:#333333;font-size:16px;font-weight:normal;\">\r\n	2.深刻领会习近平新时代中国特色社会主义思想的历史地位和丰富内涵。党的十八大以来，以习近平同志为核心的党中央，坚持解放思想、实事求是、与时俱进、求真务实，坚持辩证唯物主义和历史唯物主义，紧密结合新的时代条件和实践要求，以全新的视野深化对共产党执政规律、社会主义建设规律、人类社会发展规律的认识，进行艰辛理论探索，取得重大理论创新成果，创立了习近平新时代中国特色社会主义思想。习近平新时代中国特色社会主义思想，是对马克思列宁主义、毛泽东思想、邓小平理论、“三个代表”重要思想、科学发展观的继承和发展，是马克思主义中国化最新成果，是党和人民实践经验和集体智慧的结晶，是中国特色社会主义理论体系的重要组成部分，是全党全国人民为实现中华民族伟大复兴而奋斗的行动指南，必须长期坚持并不断发展。习近平新时代中国特色社会主义思想，从理论和实践结合上系统回答了新时代坚持和发展什么样的中国特色社会主义、怎样坚持和发展中国特色社会主义这个重大时代课题，回答了新时代坚持和发展中国特色社会主义的总目标、总任务、总体布局、战略布局和发展方向、发展方式、发展动力、战略步骤、外部条件、政治保证等基本问题，并且根据新的实践对经济、政治、法治、科技、文化、教育、民生、民族、宗教、社会、生态文明、国家安全、国防和军队、“一国两制”和祖国统一、统一战线、外交、党的建设等各方面作出理论分析和政策指导。党的十九大报告用“8个明确”概括了这一思想的主要内容。为贯彻落实习近平新时代中国特色社会主义思想，党的十九大报告提出新时代坚持和发展中国特色社会主义的基本方略，并概括为“14个坚持”。习近平新时代中国特色社会主义思想，是指导思想层面的表述，在行动纲领层面称之为中国特色社会主义基本方略。要全面贯彻党的基本理论、基本路线、基本方略，更好引领党和人民事业发展。\r\n</p>\r\n<p style=\"background-color:#ffffff;font-style:normal;text-indent:0px;font-family:宋体;color:#333333;font-size:16px;font-weight:normal;\">\r\n	<br />\r\n</p>\r\n<p style=\"background-color:#ffffff;font-style:normal;text-indent:0px;font-family:宋体;color:#333333;font-size:16px;font-weight:normal;\">\r\n	3.深刻领会党的十八大以来党和国家事业发生的历史性变革。党的十八大以来的5年，是党和国家发展进程中极不平凡的5年。5年来，以习近平同志为核心的党中央科学把握当今世界和当代中国发展大势，顺应实践要求和人民愿望，举旗定向、运筹帷幄，统揽伟大斗争、伟大工程、伟大事业、伟大梦想，统筹推进“五位一体”总体布局、协调推进“四个全面”战略布局，以巨大的政治勇气和强烈的责任担当，提出一系列新理念新思想新战略，出台一系列重大方针政策，推出一系列重大举措，推进一系列重大工作，解决了许多长期想解决而没有解决的难题，办成了许多过去想办而没有办成的大事，推动党和国家事业发生历史性变革。5年来的成就是全方位的、开创性的，5年来的变革是深层次的、根本性的。这些历史性变革，对党和国家事业发展具有重大而深远的影响。\r\n</p>\r\n<p style=\"background-color:#ffffff;font-style:normal;text-indent:0px;font-family:宋体;color:#333333;font-size:16px;font-weight:normal;\">\r\n	<br />\r\n</p>\r\n<p style=\"background-color:#ffffff;font-style:normal;text-indent:0px;font-family:宋体;color:#333333;font-size:16px;font-weight:normal;\">\r\n	4.深刻领会中国特色社会主义进入了新时代。经过长期努力，中国特色社会主义进入了新时代，这是我国发展新的历史方位。这个新时代，是承前启后、继往开来、在新的历史条件下继续夺取中国特色社会主义伟大胜利的时代，是决胜全面建成小康社会、进而全面建设社会主义现代化强国的时代，是全国各族人民团结奋斗、不断创造美好生活、逐步实现全体人民共同富裕的时代，是全体中华儿女勠力同心、奋力实现中华民族伟大复兴中国梦的时代，是我国日益走近世界舞台中央、不断为人类作出更大贡献的时代。中国特色社会主义进入新时代，在中华人民共和国发展史上、中华民族发展史上具有重大意义，在世界社会主义发展史上、人类社会发展史上也具有重大意义。这意味着近代以来久经磨难的中华民族迎来了从站起来、富起来到强起来的伟大飞跃，迎来了实现中华民族伟大复兴的光明前景；意味着科学社会主义在21世纪的中国焕发出强大生机活力，在世界上高高举起了中国特色社会主义伟大旗帜；意味着中国特色社会主义道路、理论、制度、文化不断发展，拓展了发展中国家走向现代化的途径，给世界上那些既希望加快发展又希望保持自身独立性的国家和民族提供了全新选择，为解决人类问题贡献了中国智慧和中国方案。\r\n</p>\r\n<p style=\"background-color:#ffffff;font-style:normal;text-indent:0px;font-family:宋体;color:#333333;font-size:16px;font-weight:normal;\">\r\n	<br />\r\n</p>\r\n<p style=\"background-color:#ffffff;font-style:normal;text-indent:0px;font-family:宋体;color:#333333;font-size:16px;font-weight:normal;\">\r\n	5.深刻领会我国社会主要矛盾的变化。中国特色社会主义进入新时代，我国社会主要矛盾已经转化为人民日益增长的美好生活需要和不平衡不充分的发展之间的矛盾。我国稳定解决了十几亿人的温饱问题，总体上实现小康，不久将全面建成小康社会，人民美好生活需要日益广泛，不仅对物质文化生活提出了更高要求，而且在民主、法治、公平、正义、安全、环境等方面的要求日益增长。同时，我国社会生产力水平总体上显著提高，社会生产能力在很多方面进入世界前列，更加突出的问题是发展不平衡不充分，这已经成为满足人民日益增长的美好生活需要的主要制约因素。我国社会主要矛盾的变化是关系全局的历史性变化，对党和国家工作提出了许多新要求。要在继续推动发展的基础上，着力解决好发展不平衡不充分问题，大力提升发展质量和效益，更好满足人民在经济、政治、文化、社会、生态等方面日益增长的需要，更好推动人的全面发展、社会全面进步。我国社会主要矛盾的变化，没有改变我们对我国社会主义所处历史阶段的判断，我国仍处于并将长期处于社会主义初级阶段的基本国情没有变，我国是世界最大发展中国家的国际地位没有变。我们要牢牢把握社会主义初级阶段这个基本国情，牢牢立足社会主义初级阶段这个最大实际，牢牢坚持党的基本路线这个党和国家的生命线、人民的幸福线。\r\n</p>\r\n<p style=\"background-color:#ffffff;font-style:normal;text-indent:0px;font-family:宋体;color:#333333;font-size:16px;font-weight:normal;\">\r\n	<br />\r\n</p>\r\n<p style=\"background-color:#ffffff;font-style:normal;text-indent:0px;font-family:宋体;color:#333333;font-size:16px;font-weight:normal;\">\r\n	6.深刻领会新时代中国共产党的历史使命。实现中华民族伟大复兴是近代以来中华民族最伟大的梦想。中国共产党一经成立，就把实现共产主义作为党的最高理想和最终目标，义无反顾肩负起实现中华民族伟大复兴的历史使命，团结带领人民进行了艰苦卓绝的斗争，谱写了气吞山河的壮丽史诗。今天，我们比历史上任何时期都更接近、更有信心和能力实现中华民族伟大复兴的目标。行百里者半九十。中华民族伟大复兴，绝不是轻轻松松、敲锣打鼓就能实现的，必须准备付出更为艰巨、更为艰苦的努力。实现伟大梦想，必须进行伟大斗争。这个伟大斗争就是具有许多新的历史特点的伟大斗争。要充分认识这场伟大斗争的长期性、复杂性、艰巨性，发扬斗争精神，提高斗争本领，不断夺取伟大斗争新胜利。实现伟大梦想，必须建设伟大工程。这个伟大工程就是我们党正在深入推进的党的建设新的伟大工程。要不断增强党的政治领导力、思想引领力、群众组织力、社会号召力，确保我们党永葆旺盛生命力和强大战斗力。实现伟大梦想，必须推进伟大事业。这个伟大事业就是中国特色社会主义伟大事业。要更加自觉地增强“四个自信”，既不走封闭僵化的老路，也不走改旗易帜的邪路，始终坚持和发展中国特色社会主义。伟大斗争，伟大工程，伟大事业，伟大梦想，紧密联系、相互贯通、相互作用，其中起决定性作用的是党的建设新的伟大工程。建设伟大工程，要结合伟大斗争、伟大事业、伟大梦想的实践来进行，确保党始终走在时代前列、始终成为全国人民的主心骨、始终成为坚强领导核心。\r\n</p>\r\n<p style=\"background-color:#ffffff;font-style:normal;text-indent:0px;font-family:宋体;color:#333333;font-size:16px;font-weight:normal;\">\r\n	<br />\r\n</p>\r\n<p style=\"background-color:#ffffff;font-style:normal;text-indent:0px;font-family:宋体;color:#333333;font-size:16px;font-weight:normal;\">\r\n	7.深刻领会实现第一个百年奋斗目标和向第二个百年奋斗目标进军。改革开放之后，我们党对我国社会主义现代化建设作出战略安排，提出“三步走”战略目标和“两个一百年”奋斗目标。从现在到2020年，是全面建成小康社会决胜期。要按照全面建成小康社会各项要求，紧扣我国社会主要矛盾变化，突出抓重点、补短板、强弱项，特别是要坚决打好防范化解重大风险、精准脱贫、污染防治的攻坚战，使全面建成小康社会得到人民认可、经得起历史检验。党的十九大对第二个百年奋斗目标进行了战略规划，将全面建设社会主义现代化国家的新征程分为两个阶段来安排。第一个阶段，从2020年到2035年，在全面建成小康社会的基础上，再奋斗15年，基本实现社会主义现代化。第二个阶段，从2035年到本世纪中叶，在基本实现现代化的基础上，再奋斗15年，把我国建成富强民主文明和谐美丽的社会主义现代化强国。从全面建成小康社会到基本实现现代化，再到全面建成社会主义现代化强国，是新时代中国特色社会主义发展的战略安排。\r\n</p>\r\n<p style=\"background-color:#ffffff;font-style:normal;text-indent:0px;font-family:宋体;color:#333333;font-size:16px;font-weight:normal;\">\r\n	<br />\r\n</p>\r\n<p style=\"background-color:#ffffff;font-style:normal;text-indent:0px;font-family:宋体;color:#333333;font-size:16px;font-weight:normal;\">\r\n	8.深刻领会社会主义经济建设、政治建设、文化建设、社会建设、生态文明建设等方面的重大部署。在经济建设上，要贯彻新发展理念，建设现代化经济体系，以供给侧结构性改革为主线，推动经济发展质量变革、效率变革、动力变革，不断增强我国经济创新力和竞争力。在政治建设上，要坚持党的领导、人民当家作主、依法治国有机统一，健全人民当家作主制度体系，发展社会主义民主政治，推进社会主义民主政治制度化、规范化、程序化。在文化建设上，要坚定文化自信，推动社会主义文化繁荣兴盛，牢牢掌握意识形态工作领导权，培育和践行社会主义核心价值观，加强思想道德建设，繁荣发展社会主义文艺，推动文化事业和文化产业发展。在社会建设上，要提高保障和改善民生水平，加强和创新社会治理，不断满足人民日益增长的美好生活需要，让改革发展成果更多更公平惠及全体人民。在生态文明建设上，要践行绿水青山就是金山银山的理念，加快生态文明体制改革，形成节约资源和保护环境的空间格局、产业结构、生产方式、生活方式，建设美丽中国。\r\n</p>\r\n<p style=\"background-color:#ffffff;font-style:normal;text-indent:0px;font-family:宋体;color:#333333;font-size:16px;font-weight:normal;\">\r\n	<br />\r\n</p>\r\n<p style=\"background-color:#ffffff;font-style:normal;text-indent:0px;font-family:宋体;color:#333333;font-size:16px;font-weight:normal;\">\r\n	9.深刻领会国防和军队建设、港澳台工作、外交工作的重大部署。面对国家安全环境的深刻变化，面对强国强军的时代要求，必须坚持走中国特色强军之路，全面贯彻习近平强军思想，贯彻新形势下军事战略方针，建设强大的现代化陆军、海军、空军、火箭军和战略支援部队，打造坚强高效的战区联合作战指挥机构，构建中国特色现代作战体系，全面推进国防和军队现代化，把人民军队建设成为世界一流军队。保持香港、澳门长期繁荣稳定，必须全面准确贯彻“一国两制”、“港人治港”、“澳人治澳”、高度自治的方针，严格依照宪法和基本法办事，让香港、澳门同胞同祖国人民共担民族复兴的历史责任、共享祖国繁荣富强的伟大荣光。必须继续坚持“和平统一、一国两制”方针，扩大两岸经济文化交流合作，推动两岸同胞共同弘扬中华文化，推动两岸关系和平发展，推进祖国和平统一进程，绝不允许任何人、任何组织、任何政党、在任何时候、以任何形式、把任何一块中国领土从中国分裂出去。中国将坚持和平发展道路，高举和平、发展、合作、共赢的旗帜，恪守维护世界和平、促进共同发展的外交政策宗旨，坚定不移在和平共处五项原则基础上发展同各国的友好合作，积极促进“一带一路”国际合作，继续积极参与全球治理体系改革和建设，推动建设相互尊重、公平正义、合作共赢的新型国际关系，推动构建人类命运共同体，同世界各国人民一道建设持久和平、普遍安全、共同繁荣、开放包容、清洁美丽的世界。\r\n</p>','2018-04-12 22:46:07','2018-04-17 15:33:56',4),(46,'人民日报30日评论员文章：阔步走进中国特色社会主义新时代','新华社',1,1,1,NULL,'<div style=\"text-align:left;background-color:#ffffff;margin:10px auto;color:#000000;\" class=\"show_text\">\r\n	<p style=\"text-indent:0em;\" align=\"center\">\r\n		<strong>人民日报30日评论员文章：阔步走进中国特色社会主义新时代</strong>\r\n	</p>\r\n	<p style=\"text-indent:0em;\" align=\"center\">\r\n		<strong>——二论学习贯彻党的十九大精神</strong>\r\n	</p>\r\n	<p style=\"text-indent:2em;\">\r\n		正确认识我国社会所处的历史方位，准确把握我国社会主要矛盾，是建设中国特色社会主义至关重要的问题。\r\n	</p>\r\n	<p style=\"text-indent:2em;\">\r\n		“经过长期努力，中国特色社会主义进入了新时代，这是我国发展新的历史方位”，党的十九大作出的这一重大政治论断，是我们党坚持辩证唯物主义和历史唯物主义的方法论，从党和国家事业发展大局出发，从历史和现实、理论和实践、国内和国际结合上思考得出的正确结论。这一论断，清晰地指出了党和国家事业所处的时代坐标，为明确下一阶段的历史任务、坚持和发展中国特色社会主义指明了方向。\r\n	</p>\r\n	<p style=\"text-indent:2em;\">\r\n		如何认识新时代？我们可以从历史新起点、理论新建树、发展新目标、矛盾新变化四个层面加以把握。5年历史性变革，我们解决了许多长期想解决而没有解决的难题，办成了许多过去想办而没有办成的大事，党和国家事业发展站到了新的历史起点。我们党在新的伟大斗争中形成了习近平新时代中国特色社会主义思想，实现了马克思主义中国化的又一次历史性飞跃，构成了划时代的理论新建树。我们踏上了决胜全面建成小康社会、开启全面建设社会主义现代化国家的新征程，确立了未来中国发展进步的新目标。我们提出了我国社会主要矛盾已经转化为人民日益增长的美好生活需要和不平衡不充分的发展之间的矛盾，阐释了这一关系全局的历史性变化对党和国家工作提出的新要求。认真学习贯彻党的十九大精神，要求我们深入领会这一重大政治论断的丰富内涵，主动适应新时代中国特色社会主义的发展要求，不断提高党和国家各项事业的发展水平。\r\n	</p>\r\n	<p style=\"text-indent:2em;\">\r\n		新时代要有新气象。习近平总书记用“三个意味着”，从中华民族、科学社会主义、人类社会三个维度，深刻阐明了中国特色社会主义进入新时代的标志性意义；用“五个时代”，从伟大事业、发展目标、人民幸福、民族复兴、人类贡献五个方面，深刻阐明了中国特色社会主义进入新时代的历史性贡献。同时也以“基本国情”和“国际地位”两个没有变，提醒全党在充满信心的同时，必须保持头脑清醒。迈进新时代，强起来的飞跃令人振奋，民族复兴的光明前景令人期待，但我们不能忘记，我国仍处于并将长期处于社会主义初级阶段的基本国情没有变，我国是世界最大发展中国家的国际地位没有变。在新时代的征程上，还需要我们以永不懈怠的精神状态和一往无前的奋斗姿态，付出更为艰巨的努力。\r\n	</p>\r\n	<p style=\"text-indent:2em;\">\r\n		中国特色社会主义进入新时代，在中华人民共和国发展史上、中华民族发展史上具有重大意义，在世界社会主义发展史上、人类社会发展史上也具有重大意义。走进这个伟大的时代，是我们这一代人的幸运。坚定信心，埋头苦干，为实现党的十九大确立的目标任务而奋斗，我们就一定能写好坚持和发展中国特色社会主义这篇大文章，让中国特色社会主义展现出更加强大的生命力。（新华社北京10月29日电）\r\n	</p>\r\n</div>\r\n<div style=\"text-align:right;background-color:#ffffff;margin:20px auto;color:#000000;\" class=\"edit\">\r\n	(责编：程宏毅、杨丽娜)\r\n</div>','2018-04-17 15:37:29','2018-04-17 15:37:29',3),(47,'在万米高空看十九大开幕会是种怎样的体验？','董菁',1,1,3,NULL,'<div style=\"text-align:left;background-color:#ffffff;margin:10px auto;color:#000000;\" class=\"show_text\">\r\n	&nbsp;\r\n	<div style=\"text-align:left;background-color:#ffffff;margin:10px auto;color:#000000;\" class=\"show_text\">\r\n		<p style=\"text-indent:0em;\" align=\"center\">\r\n			<img alt=\"\" src=\"http://www.people.com.cn/mediafile/pic/20171026/85/5550423145483075113.jpg\" /> \r\n		</p>\r\n		<p style=\"text-indent:0em;\" class=\"pictext\" align=\"center\">\r\n			&emsp;&emsp;中华商标协会副会长徐正标认真聆听习总书记讲话。 （人民网 董菁摄）\r\n		</p>\r\n		<p style=\"text-indent:0em;\">\r\n			&emsp;&emsp;“经过长期努力，中国特色社会主义进入了新时代，这是我国发展新的历史方位。”18日上午，当习近平的身影出现在电脑屏幕里，东航MU5103客机上的一些乘客拿出了耳机。\r\n		</p>\r\n		<p style=\"text-indent:0em;\">\r\n			&emsp;&emsp;党的十九大开幕会10月18日上午9时在北京人民大会堂举行。习近平代表第十八届中央委员会向大会作报告。在距离地面1万多米的高空，东航近50架宽体客机上的乘客通过机上WiFi看到了大会的现场直播。“本想落地看回放，没想到一上飞机就听广播里说可以‘空中看十九大’。我以前从没在飞机上看总书记讲话，效果非常震撼！”一名乘客激动地说。\r\n		</p>\r\n		<p style=\"text-indent:0em;\">\r\n			&emsp;&emsp;上午8时30分，记者与200多名乘客一起，在上海虹桥机场登上了飞往北京的航班。一上飞机，就看到机舱里贴了许多“空中看十九大”标语，广播里传来了乘务人员温柔的声音：“女士们、先生们，早上好！今天，中国共产党第十九次全国代表大会在京隆重召开。东航与人民网联合推出了‘空中看十九大’服务，本架飞机具有空中互联功能，您可使用登陆Wi-Fi平台实时了解十九大直播动态。”\r\n		</p>\r\n		<p style=\"text-indent:0em;\">\r\n			&emsp;&emsp;9时40分左右，飞机在万米高空开始平稳飞行，人民网主持人许博与人民大会堂前方记者史雅乔进行了实时连线，“天地互联”将各自的最新情况传递给了对方。\r\n		</p>\r\n		<p style=\"text-indent:0em;\" align=\"center\">\r\n			<img alt=\"\" src=\"http://www.people.com.cn/mediafile/pic/20171026/59/1077081257738651971.jpg\" /> \r\n		</p>\r\n		<p style=\"text-indent:0em;\" class=\"pictext\" align=\"center\">\r\n			&emsp;&emsp;人民网主持人许博展示直播画面。（人民网 董菁摄）\r\n		</p>\r\n		<p style=\"text-indent:0em;\">\r\n			&emsp;&emsp;作为一名经常出差的飞行达人，明山控股集团有限公司执行总裁杨伟山在接受采访时表示：“今天是个好日子，十九大开幕了，我们在空中聆听了总书记作报告。以前我从来没有体验过在飞机上看直播，感谢科技的力量，把最新的资讯传递到了世界的每个角落。”\r\n		</p>\r\n		<p style=\"text-indent:0em;\" align=\"center\">\r\n			<img alt=\"\" src=\"http://www.people.com.cn/mediafile/pic/20171026/8/15109811447045724012.jpg\" /> \r\n		</p>\r\n		<p style=\"text-indent:0em;\" class=\"pictext\" align=\"center\">\r\n			&emsp;&emsp;许博采访明山控股集团有限公司执行总裁杨伟山。（人民网 董菁摄）\r\n		</p>\r\n		<p style=\"text-indent:0em;\">\r\n			&emsp;&emsp;投资公司铱鑫资本的创始管理合伙人曹昀长期奔波于中国与北美和欧洲之间。他说：“之前飞机上的媒体有两个比较大的痛点：缺乏时效性、无法聚焦热点专题。现在人民网做了非常有益的尝试，我希望人民网能在这块儿继续走下去，不光是作为中国空中WiFi应用领先的媒体，同时也能在全世界掀起一个新的潮流。”\r\n		</p>\r\n		<p style=\"text-indent:0em;\">\r\n			&emsp;&emsp;曹昀表示，“作为一个专注高科技领域的投资人士，过去5年，我们常常在工作中感受到，在高科技领域，中国同欧美发达国家的差距正在缩小，而且呈现出一种明显的赶超趋势，在一些细分领域甚至已经站在了世界前列。中国梦跟中华民族的伟大复兴正在实现。今天，总书记的讲话给了我们更强的信心，在未来的5年，甚至下一个10年内，我们会在这个方向上迈出更大的步子，在更多的领域，不光是追赶欧美的步伐，更应变成世界范围内科技创新的领军者。”\r\n		</p>\r\n		<p style=\"text-indent:0em;\" align=\"center\">\r\n			<img alt=\"\" src=\"http://www.people.com.cn/mediafile/pic/20171026/95/4119344526640683747.jpg\" /> \r\n		</p>\r\n		<p style=\"text-indent:0em;\" class=\"pictext\" align=\"center\">\r\n			&emsp;&emsp;铱鑫资本创始管理合伙人曹昀在观看十九大开幕会直播。\r\n		</p>\r\n		<p style=\"text-indent:0em;\">\r\n			&emsp;&emsp;中华商标协会副会长徐正标手拿一只憨态可掬的熊猫，认真地表示，他最关心文化问题。“都说熊猫是中国的，功夫是中国的，但是《功夫熊猫》的版权却是美国的。甲骨文、花木兰也源自中国，但都变成美国的无形资产。总书记在讲话中强调文化自信，给了我新的思路。今后，我们要用科技创新提高品质，用文化驱动提升品味，用互联网传播好品牌故事，把中国的品牌传播到海外去。”\r\n		</p>\r\n		<p style=\"text-indent:0em;\">\r\n			&emsp;&emsp;本次航班的客舱经理胡一佳介绍，为了准备十九大开幕会直播，东航事先升级了平台，并在空中和地面同步进行推广。东航的70架宽体客机上，包括全部洲际航线和主要商务航线，都能看到人民网的十九大报道。“作为一名党员，也是东航‘蓝天党小组’的成员，我感到挺激动的。”她说。\r\n		</p>\r\n	</div>\r\n	<div style=\"text-align:right;background-color:#ffffff;margin:20px auto;color:#000000;\" class=\"edit\">\r\n		(责编：高雷、秦华)\r\n	</div>\r\n</div>','2018-04-17 15:44:31','2018-04-17 15:51:56',3),(48,'新论断开启新航程','经济日报',1,1,11,'e12b0569-7eb6-47af-b95e-e57baf214a9b.jpg','<div style=\"text-align:left;background-color:#ffffff;margin:10px auto;color:#000000;\" class=\"show_text\">\r\n	<div style=\"text-align:left;margin:0px auto;\" class=\"otitle\">\r\n		原标题：新论断开启新航程\r\n	</div>\r\n	<p style=\"text-indent:0em;\" align=\"center\">\r\n		<img alt=\"\" src=\"http://www.people.com.cn/mediafile/pic/20171025/59/2907196928582754931.jpg\" />\r\n	</p>\r\n	<p style=\"text-indent:2em;\">\r\n		中央金融代表团举行会议，讨论习近平总书记向大会所做的报告。党的十九大代表王炯(左)和王祖继（右）就报告内容进行讨论。记者 李景录摄\r\n	</p>\r\n	<p style=\"text-indent:0em;\" align=\"center\">\r\n		<img alt=\"\" src=\"http://www.people.com.cn/mediafile/pic/20171025/76/4099380060085175188.jpg\" />\r\n	</p>\r\n	<p style=\"text-indent:2em;\">\r\n		10月23日，云南省代表团会议结束后,党的十九大代表高招飘（左二、哈尼族）、马开慧（右二、水族）等热议民生话题。记者 高兴贵摄\r\n	</p>\r\n	<p style=\"text-indent:2em;\">\r\n		党的十九大报告提出，中国特色社会主义进入新时代，这是我国发展新的历史方位。作出这个重大判断，是一项关系全局的战略考量，我们必须按照新时代的要求，完善发展战略和各项政策，推进和落实各项工作\r\n	</p>\r\n	<p style=\"text-indent:2em;\">\r\n		这个新时代，是决胜全面建成小康社会、进而全面建设社会主义现代化强国的时代\r\n	</p>\r\n	<p style=\"text-indent:2em;\">\r\n		中国社科院研究员钟君：十九大报告提出，中国特色社会主义进入新时代。这是我们党基于世情、国情、党情作出的科学判断。中国特色社会主义进入新时代有3个核心特征，一是中国人民即将在全面建成小康社会的基础上，迈进建设富强民主文明和谐美丽的社会主义现代化强国的新时代。二是科学社会主义在中国焕发强大生机活力，中国特色社会主义在世界上的影响会越来越大。三是中国特色社会主义的伟大实践和成就，为解决人类问题贡献了中国智慧和中国方案。\r\n	</p>\r\n	<p style=\"text-indent:2em;\">\r\n		十九大报告提出，这个新时代，是承前启后、继往开来、在新的历史条件下继续夺取中国特色社会主义伟大胜利的时代，是决胜全面建成小康社会、进而全面建设社会主义现代化强国的时代。我们必须在习近平新时代中国特色社会主义思想的指导下，始终坚持以人民为中心的发展思想，贯彻落实创新、协调、绿色、开放、共享的新发展理念，着力解决不平衡不充分发展的问题。\r\n	</p>\r\n	<p style=\"text-indent:2em;\">\r\n		（本报记者 袁 勇采写）\r\n	</p>\r\n	<p style=\"text-indent:2em;\">\r\n		这个新时代，是全体中华儿女勠力同心、奋力实现中华民族伟大复兴中国梦的时代\r\n	</p>\r\n	<p style=\"text-indent:2em;\">\r\n		长春市书山学府教育培训学校校长张超凡：“青年兴则国家兴，青年强则国家强”“中华民族伟大复兴的中国梦终将在一代代青年的接力奋斗中变为现实”，这是习近平总书记对我们年轻人的殷切期待，也是对我们的鞭策和鼓励。\r\n	</p>\r\n	<p style=\"text-indent:2em;\">\r\n		2015年，我用人生的第一桶金为山区的孩子购置了画具并创办了“超凡公益梦想课堂”，免费辅导家庭特困和残障孩子学画画，孩子们都叫我“超凡姐姐”。如今，超凡公益梦想课堂共青团员先锋队已经为240余名家庭特困、肢体残疾、白癜风、自闭症儿童插上了艺术的翅膀。\r\n	</p>\r\n	<p style=\"text-indent:2em;\">\r\n		十九大报告绘就了新时代的美好蓝图，每个中国人都可以从中找到自己的中国梦。能够为实现中国梦增添强大的青春能量是我辈之大幸。\r\n	</p>\r\n	<p style=\"text-indent:2em;\">\r\n		未来，我将与数亿当代青年携手，担当起党和人民赋予的历史重任，在激扬青春、开拓人生、奉献社会的进程中书写无愧于时代的壮丽篇章。\r\n	</p>\r\n	<p style=\"text-indent:2em;\">\r\n		（本报记者 李 哲采写）\r\n	</p>\r\n	<p style=\"text-indent:2em;\">\r\n		这个新时代，是全国各族人民团结奋斗、不断创造美好生活、逐步实现全体人民共同富裕的时代\r\n	</p>\r\n	<p style=\"text-indent:2em;\">\r\n		江西鹰潭市月湖区童家镇土桥村彭观明：都是党和国家的好政策，让我们过上了好日子。十九大报告提出，保证全体人民在共建共享发展中有更多获得感，不断促进人的全面发展、全体人民共同富裕。实现共同富裕是广大人民的普遍愿望。喝水不忘挖井人，没有党的好政策，我不可能富起来。一个人富不算富，带着村民一起富，那才叫真幸福。\r\n	</p>\r\n	<p style=\"text-indent:2em;\">\r\n		5年前，我家连电视机都没有，现在不仅家电齐全，还盖了新房子。我相信再过5年，合作社里的贫困户也能盖上新房。\r\n	</p>\r\n	<p style=\"text-indent:2em;\">\r\n		十九大报告提出，加快推进农业农村现代化，发展多种形式适度规模经营，培育新型农业经营主体，健全农业社会化服务体系……这些政策对我们农民致富来说条条都说到了点上。\r\n	</p>\r\n	<p style=\"text-indent:2em;\">\r\n		下一步，我们要团结带领合作社的贫困户苦干加巧干，走规模化、产业化、现代化发展的路子，把产业做大做强，大伙共奔富裕之路。\r\n	</p>\r\n	<p style=\"text-indent:2em;\">\r\n		（本报记者 王轶辰采写）\r\n	</p>\r\n	<p style=\"text-indent:2em;\">\r\n		这个新时代，是我国日益走近世界舞台中央、不断为人类作出更大贡献的时代\r\n	</p>\r\n	<p style=\"text-indent:2em;\">\r\n		党的十九大代表、四川日报行业新闻部副主任许静：这两天我收获了一个“想不到”——我在10月19日四川省代表团全体会议上的一段发言被媒体报道后竟得到10万+的传播量。\r\n	</p>\r\n	<p style=\"text-indent:2em;\">\r\n		这段发言讲述的是3条“路”：第一条路是“一带一路”。2013年，我随四川农业代表团赴乌干达采访，中间转机3次。今年，成都已开通了直飞埃塞俄比亚的航线。第二条路是创新之路。作为全国8个全面创新改革试验区之一，四川把全面创新改革确定为“一号工程”。第三条路是通往凉山“悬崖村”的路。过去进出村要攀爬悬崖上的藤梯。在脱贫攻坚政策的部署下，藤梯被更坚固、安全的钢梯取代，一条与外界相连的信息“路”也开通了。\r\n	</p>\r\n	<p style=\"text-indent:2em;\">\r\n		十九大报告提出，更好构筑中国精神、中国价值、中国力量，为人民提供精神指引。\r\n	</p>\r\n	<p style=\"text-indent:2em;\">\r\n		我们身边每天都在发生精彩的故事，中国从东到西都吹拂着创新、开放的春风，我们要以扎进去、深下去的采访让全世界了解正走近世界舞台中央的中国。\r\n	</p>\r\n	<p style=\"text-indent:2em;\">\r\n		（本报记者 廉 丹采写）\r\n	</p>\r\n</div>\r\n<div style=\"text-align:right;background-color:#ffffff;margin:20px auto;color:#000000;\" class=\"edit\">\r\n	(责编：沈王一、常雪梅)\r\n</div>','2018-04-17 16:02:41','2018-04-17 16:02:41',7),(76,'图解：新修订的党纪处分条例，干货全在这里！','人民日报',1,1,4,'52b373e0-ad43-49d5-b1c8-50283613d87f.jpg','<h1 style=\"font-size:24px;text-align:center;font-family:微软雅黑;background-color:#FFFFFF;\">\r\n	<h1 style=\"font-size:24px;text-align:center;font-family:微软雅黑;background-color:#FFFFFF;\">\r\n		图解：新修订的党纪处分条例，干货全在这里！\r\n	</h1>\r\n	<p class=\"sou\" style=\"text-align:center;font-family:宋体;background-color:#FFFFFF;\">\r\n		2018年08月27日15:00    来源：<a href=\"http://cpc.people.com.cn/\" target=\"_blank\">人民网-中国共产党新闻网</a>\r\n	</p>\r\n	<div class=\"show_text\" style=\"margin:10px auto;font-size:14px;font-family:宋体;background-color:#FFFFFF;\">\r\n		<p style=\"text-indent:0em;font-size:18px;font-family:微软雅黑;text-align:center;\">\r\n			<img alt=\"\" src=\"http://fanfu.people.com.cn/NMediaFile/2018/0827/MAIN201808271500088461647598785.jpg\" />\r\n		</p>\r\n	</div>\r\n	<div class=\"edit\" style=\"margin:20px auto;text-align:right;font-size:14px;font-family:宋体;background-color:#FFFFFF;\">\r\n		(责编：李源、黄瑾)\r\n	</div>\r\n<br />\r\n</h1>','2018-08-28 18:46:38','2018-08-28 18:47:22',4),(77,'亚太经合组织第二十二次领导人非正式会议','贤心',0,1,1,'bf2112e9-f5ed-41f3-aa36-c51b4ecf3e6d.jpg','','2018-08-28 18:57:12','2018-08-28 00:00:00',9),(78,'2017年金砖国家协调人第一次会议','贤心',0,1,1,'a2e84fe6-ae71-4ea4-b08c-d807d67dbeec.jpg','','2018-08-28 19:03:02','2018-08-28 19:03:02',9),(79,'金砖国家领导人厦门会晤','贤心',0,1,1,'9ed67c2a-8e38-4ed3-b63e-a9cda6968433.jpg','','2018-08-28 19:04:37','2018-08-28 19:04:37',9),(80,'两学一做活动专题文章测试11','两学一做活动专题文章测试11',0,1,2,NULL,'<p>\r\n	两学一做活动专题文章测试2\r\n</p>\r\n<p>\r\n	两学一做活动专题文章测试2\r\n</p>\r\n<p>\r\n	两学一做活动专题文章测试2\r\n</p>\r\n<p>\r\n	两学一做活动专题文章测试2\r\n</p>','2018-08-28 19:25:35','2018-08-28 19:25:58',3),(81,'新论断开启新航程','新论断开启新航程',0,1,123,NULL,'<p>\r\n	新论断开启新航程\r\n</p>\r\n<p>\r\n	新论断开启新航程\r\n</p>\r\n<p>\r\n	新论断开启新航程\r\n</p>\r\n<p>\r\n	新论断开启新航程\r\n</p>','2018-08-28 19:44:02','2018-05-12 00:00:00',3),(82,'asd','asd',0,1,1,'4df296ea-0664-4a81-ac3d-7dcdfb5d7e89.jpg','','2018-08-28 19:44:52','2018-08-28 19:44:52',9);

UNLOCK TABLES;

/*Table structure for table `pb_category` */

DROP TABLE IF EXISTS `pb_category`;

CREATE TABLE `pb_category` (
  `id` int(11) NOT NULL AUTO_INCREMENT,
  `categoryname` varchar(50) NOT NULL,
  `sort` int(11) NOT NULL,
  `property` int(11) NOT NULL,
  PRIMARY KEY (`id`)
) ENGINE=InnoDB AUTO_INCREMENT=11 DEFAULT CHARSET=utf8;

/*Data for the table `pb_category` */

LOCK TABLES `pb_category` WRITE;

insert  into `pb_category`(`id`,`categoryname`,`sort`,`property`) values (3,'通知公告',0,0),(4,'中央精神',1,0),(6,'领导讲话',2,0),(7,'活动动态',3,0),(8,'基层风采',4,0),(9,'精彩图片',5,1),(10,'他山之石',6,0);

UNLOCK TABLES;

/*Table structure for table `pb_property` */

DROP TABLE IF EXISTS `pb_property`;

CREATE TABLE `pb_property` (
  `id` int(11) NOT NULL AUTO_INCREMENT,
  `property` varchar(50) NOT NULL,
  PRIMARY KEY (`id`)
) ENGINE=InnoDB AUTO_INCREMENT=3 DEFAULT CHARSET=utf8;

/*Data for the table `pb_property` */

LOCK TABLES `pb_property` WRITE;

insert  into `pb_property`(`id`,`property`) values (1,'新闻模式'),(2,'图片模式');

UNLOCK TABLES;

/*Table structure for table `pb_setting` */

DROP TABLE IF EXISTS `pb_setting`;

CREATE TABLE `pb_setting` (
  `id` int(11) NOT NULL AUTO_INCREMENT,
  `pb_switch` tinyint(1) DEFAULT NULL,
  `pb_close_display` varchar(200) DEFAULT NULL,
  `pb_title` varchar(100) DEFAULT NULL,
  `pb_keyword` varchar(100) DEFAULT NULL,
  `pb_describe` varchar(100) DEFAULT NULL,
  `pb_bottom` varchar(100) DEFAULT NULL,
  PRIMARY KEY (`id`)
) ENGINE=InnoDB AUTO_INCREMENT=2 DEFAULT CHARSET=utf8;

/*Data for the table `pb_setting` */

LOCK TABLES `pb_setting` WRITE;

insert  into `pb_setting`(`id`,`pb_switch`,`pb_close_display`,`pb_title`,`pb_keyword`,`pb_describe`,`pb_bottom`) values (1,1,'本溪水洞','本溪水洞','本溪水洞','本溪水洞','主办单位：本溪水洞责任有限公司');

UNLOCK TABLES;

/*!40101 SET SQL_MODE=@OLD_SQL_MODE */;
/*!40014 SET FOREIGN_KEY_CHECKS=@OLD_FOREIGN_KEY_CHECKS */;
/*!40014 SET UNIQUE_CHECKS=@OLD_UNIQUE_CHECKS */;
/*!40111 SET SQL_NOTES=@OLD_SQL_NOTES */;
